Random seed 1,Test set partition 1
Train track nr,Class train,Test track nr,Class test,Feature distances from train track to each test track
582,1(classical),,,0.13623517399523336,0.0006638131850905668,0.10615612887594666,0.0012434821011079033,0.007642084860718998,3.1248074881008996e-05,0.07101442679654,0.0003858503628362966,-25.58616021424666,2.1595265885249995,1.8001017871823337,0.3303696422557667,-1.0951187026555331,0.14767822356355,-0.15088328724020836,0.13090281846500001,-0.37926129563615657,0.11613503621228333,0.40310077519376664
,,561,1(classical),0.1546997183243,0.0005326781073964,0.12543907461244333,0.0016906144104500093,0.007680989034794332,2.467611591017933e-05,0.08643335002049998,0.0005298925469437334,-26.570782163460002,1.1713966803344333,1.5539279999409332,0.3802447811398266,-0.7149913982535666,0.17291185016353333,-0.019834226129086675,0.14875801729396335,-0.20353075950019667,0.12568922008656,0.38682170542626665,,0.018464544329066634,0.00013113507769416674,0.019282945736496665,0.000447132309342106,3.8904174075334204e-05,6.5719589708296645e-06,0.015418923223959977,0.00014404218410743675,0.9846219492133415,0.9881299081905661,0.2461737872414005,0.04987513888405992,0.3801273044019665,0.025233626599983322,0.1310490611111217,0.01785519882896333,0.1757305361359599,0.009554183874276673,0.016279069767499987
,,501,1(classical),0.13230004638183337,0.0006169891474314665,0.08924418604649333,0.0005276669161330335,0.0073148552791396666,6.759752627697497e-05,0.06242661448141333,0.0002374895960955534,-24.390285652763335,0.8675260455040333,2.199909915192667,0.18192366479128666,-0.9981682607669,0.13063927244782667,0.007119168218056662,0.13091285245017997,-0.35428173153475,0.10766269682601332,0.40775193798446663,,0.00393512761339998,4.682403765910023e-05,0.01691194282945334,0.0007158151849748698,0.00032722958157933163,3.6349451395965976e-05,0.008587812315126675,0.00014836076674074324,1.1958745614833255,1.2920005430209662,0.39980812801033316,0.14844597746448004,0.09695044188863311,0.017038951115723344,0.15800245545826502,1.0033985179958016e-05,0.02497956410140656,0.008472339386270011,0.004651162790699992
,,526,1(classical),0.14616918326823333,0.0005459521791318333,0.11329336240306667,0.0010897586726922334,0.007053443585304999,2.0002799314863666e-05,0.07279236638908002,0.0004185214153015499,-27.121379712803332,0.8898683161393667,1.7816254259333668,0.24068622177458662,-0.7746957452408333,0.12817241575196667,-0.15358933347228332,0.10136910290978336,-0.44628319052891,0.10547073555453332,0.40542635658903325,,0.009934009272999977,0.00011786100595873343,0.007137233527120007,0.00015372342841566983,0.0005886412754139989,1.124527556614533e-05,0.0017779395925400093,3.267105246525329e-05,1.5352194985566712,1.269658272385633,0.0184763612489669,0.08968342048118008,0.32042295741469984,0.019505807811583342,0.00270604623207496,0.029533715555216652,0.06702189489275345,0.010664300657750009,0.0023255813952666182
,,574,1(classical),0.14492023578503332,0.0005567903194273333,0.11803234011624335,0.0008198648868473288,0.007747774001252666,1.878109734949333e-05,0.08139534883720666,0.00027121599218092325,-27.253692208243333,1.2515485715863002,1.6262151141249668,0.2465508518304567,-1.2085637917342333,0.15059019419964997,0.020626044870803325,0.11601087360389002,-0.31582680202568164,0.10449485556008001,0.3930232558139332,,0.00868506178979997,0.0001070228656632335,0.011876211240296683,0.0004236172142605745,0.00010568914053366799,1.2466977531515666e-05,0.010380922040666651,0.00011463437065537338,1.667531993996672,0.9079780169386993,0.17388667305736694,0.08381879042531001,0.11344508907870021,0.002911970636099964,0.1715093321110117,0.014891944861109993,0.06343449361047493,0.011640180652203319,0.010077519379833422

569,1(classical),,,0.14135776142696665,0.0005290488802288665,0.12540273740302002,0.00105864801814403,0.007293265328938,1.4632844822413328e-05,0.08118144996132665,0.00041373129028126666,-24.357268795683336,0.7854302667139668,1.908292052185667,0.18067288604716003,-0.7113730155573,0.12940718308907334,0.1777791604120134,0.12334518391654337,-0.3997763533856334,0.09471693505880667,0.4162790697673665
,,533,1(classical),0.1404545120939667,0.00044229914742456664,0.12093931686044,0.0005772542669814501,0.004820490235911332,5.665748223531001e-06,0.07950059922028334,0.0002773881575382666,-24.815370526243335,0.30742499987555666,1.5543000482497669,0.2025575091189899,-0.9200572317016,0.1376903453194833,0.2062616751466853,0.14431529934454332,-0.3688266476392234,0.10245468308467998,0.44031007751929985,,0.0009032493329999558,8.674973280429989e-05,0.004463420542580018,0.00048139375116257994,0.002472775093026668,8.967096598882328e-06,0.0016808507410433077,0.00013634313274300006,0.45810173055999925,0.4780052668384101,0.35399200393590013,0.021884623071829867,0.2086842161443,0.008283162230409952,0.02848251473467192,0.020970115427999952,0.030949705746409983,0.007737748025873306,0.024031007751933342
,,501,1(classical),0.13230004638183337,0.0006169891474314665,0.08924418604649333,0.0005276669161330335,0.0073148552791396666,6.759752627697497e-05,0.06242661448141333,0.0002374895960955534,-24.390285652763335,0.8675260455040333,2.199909915192667,0.18192366479128666,-0.9981682607669,0.13063927244782667,0.007119168218056662,0.13091285245017997,-0.35428173153475,0.10766269682601332,0.40775193798446663,,0.00905771504513328,8.79402672026e-05,0.036158551356526694,0.0005309811020109966,2.158995020166629e-05,5.296468145456165e-05,0.018754835479913315,0.00017624169418571328,0.033016857079999795,0.08209577879006658,0.2916178630069999,0.0012507787441266294,0.2867952452096,0.0012320893587533244,0.17065999219395672,0.007567668533636607,0.04549462185088338,0.012945761767206646,0.008527131782899877
,,591,1(classical),0.13875110921336667,0.0005323222392151667,0.1123455668604767,0.0011712835740665336,0.008610780058754668,1.877444789156133e-05,0.07062455437733002,0.00037667786233246657,-25.797781169250005,0.7932721402636,1.9009112887989663,0.18777236733181338,-0.7164781162467332,0.09005298953601999,-0.00942887282827167,0.1025985321010767,-0.5430588657124436,0.09777839471511665,0.3806201550387332,,0.002606652213599986,3.2733589863001393e-06,0.013057170542543323,0.0001126355559225036,0.0013175147298166677,4.1416030691480015e-06,0.010556895583996626,3.7053427948800094e-05,1.4405123735666692,0.007841873549633283,0.007380763386700684,0.007099481284653347,0.005105100689433151,0.03935419355305335,0.18720803324028507,0.02074665181546667,0.14328251232681016,0.003061459656309981,0.035658914728633306
,,524,1(classical),0.14236678806036668,0.00047871151878453334,0.1417877906976667,0.0005449871684229332,0.006096050644284998,8.982616768506001e-06,0.09397745718230333,0.0003255898693038,-24.025990902416662,1.0076498176036002,1.4537006229248999,0.15529416398377333,-1.2532405378629663,0.12468868994968331,0.13460528723196033,0.10102464551581665,-0.42082934070503664,0.11499752779986003,0.4465116279069999,,0.001009026633400023,5.033736144433319e-05,0.01638505329464668,0.0005136608497210969,0.001197214684653002,5.650228053907327e-06,0.01279600722097668,8.814142097746667e-05,0.3312778932666731,0.2222195508896334,0.4545914292607671,0.025378722063386705,0.5418675223056663,0.0047184931393900315,0.04317387318005306,0.022320538400726717,0.02105298731940325,0.020280592741053358,0.03023255813963338
,,567,1(classical),0.14733867522546668,0.0005891621108713666,0.11770227713179333,0.0009420584360073733,0.005605094189964332,1.9868819332379368e-05,0.08788513175258665,0.0004113730260277107,-24.58160569723333,0.5487964416052,1.7233682637048002,0.34699066705689663,-0.8260006153817664,0.17920032285677331,0.4752449131110533,0.14239411530332335,-0.35493232234229666,0.10696316112149665,0.39844961240296656,,0.0059809137985000205,6.011323064250009e-05,0.007700460271226686,0.00011658958213665676,0.001688171138973668,5.2359745099660395e-06,0.006703681791260005,2.358264253555988e-06,0.22433690154999297,0.23663382510876674,0.18492378848086677,0.1663177810097366,0.11462759982446635,0.04979313976769997,0.29746575269903996,0.019048931386779988,0.04484403104333673,0.012246226062689977,0.017829457364399948
,,564,1(classical),0.12041029507048,0.0006385047437837335,0.09403766957366,0.0007795620978968567,0.005934000129613,9.844489273416334e-06,0.06084133557850001,0.00021390736779842333,-25.289326543973335,0.47573033592226005,2.6190286851896993,0.1875952678013433,-0.7135571874740033,0.11052917042831333,-0.032529709408736666,0.11143485331231334,-0.37307172958600343,0.08433505479575668,0.43565891472866675,,0.020947466356486658,0.00010945586355486699,0.03136506782936002,0.0002790859202471734,0.0013592651993250002,4.788355548996995e-06,0.020340114382826638,0.00019982392248284333,0.9320577482899992,0.3096999307917067,0.7107366330040323,0.006922381754183277,0.0021841719167032814,0.018878012660760016,0.21030886982075006,0.011910330604230024,0.026704623799629956,0.010381880263049995,0.01937984496130024

522,1(classical),,,0.1317498924536333,0.0005549931310742334,0.09225411821709667,0.0007555936679597332,0.007757398155476667,2.1257026522653994e-05,0.06066991307514001,0.00031011665118428335,-24.956423155450008,0.5067143059793666,2.2366646831696664,0.19095823768075,-0.48490734428920007,0.14278061807006331,0.17621471764344,0.1349503841452033,-0.24337963113866332,0.10376392587477998,0.3922480620154666
,,816,2(country),0.1457628893857867,0.0009031118726067335,0.08708817829460336,0.002844059478061166,0.006912695017982666,3.0391173625723666e-05,0.06019053687101331,0.00055162837266455,-24.583710616993333,0.6646585776598669,2.345500873648,0.1873183692719867,-0.10140496610071094,0.17891266164778,0.19572796916271004,0.1142787893865933,-0.029527202944815967,0.10156169599738998,0.44728682170539996,,0.014012996932153382,0.0003481187415325,0.005165939922493312,0.002088465810101433,0.000844703137494001,9.134147103069672e-06,0.0004793762041266983,0.00024151172148026667,0.37271253845667474,0.1579442716805003,0.1088361904783337,0.0036398684087632915,0.38350237818848915,0.03613204357771668,0.019513251519270053,0.020671594758609996,0.21385242819384734,0.002202229877389994,0.05503875968993338
,,501,1(classical),0.13230004638183337,0.0006169891474314665,0.08924418604649333,0.0005276669161330335,0.0073148552791396666,6.759752627697497e-05,0.06242661448141333,0.0002374895960955534,-24.390285652763335,0.8675260455040333,2.199909915192667,0.18192366479128666,-0.9981682607669,0.13063927244782667,0.007119168218056662,0.13091285245017997,-0.35428173153475,0.10766269682601332,0.40775193798446663,,0.00055015392820007,6.19960163572331e-05,0.003009932170603344,0.00022792675182669979,0.0004425428763370001,4.634049975432098e-05,0.00175670140627332,7.262705508872996e-05,0.5661375026866722,0.3608117395246667,0.0367547679769995,0.009034572889463327,0.5132609164777,0.012141345622236649,0.16909554942538332,0.0040375316950233275,0.1109021003960867,0.003898770951233338,0.015503875969000047
,,563,1(classical),0.14744303216226667,0.0005350114373227666,0.11891048934110333,0.0022954071193468004,0.007025680997504667,9.444765993597668e-06,0.07538190809934,0.0005765481796152001,-25.61241773221333,1.780808913922733,1.9201653898120001,0.21416212678659335,-0.37061232814568323,0.13565889700220668,-0.05051827499458334,0.13280157995014,-0.16525457247278336,0.10049260132615669,0.3782945736432666,,0.01569313970863337,1.9981693751466834e-05,0.026656371124006664,0.0015398134513870672,0.0007317171579719998,1.1812260529056326e-05,0.014711995024199995,0.0002664315284309167,0.6559945767633231,1.2740946079433664,0.31649929335766624,0.023203889105843367,0.11429501614351684,0.0071217210678566345,0.22673299263802332,0.002148804195063303,0.07812505866587996,0.0032713245486232917,0.013953488372200007
,,564,1(classical),0.12041029507048,0.0006385047437837335,0.09403766957366,0.0007795620978968567,0.005934000129613,9.844489273416334e-06,0.06084133557850001,0.00021390736779842333,-25.289326543973335,0.47573033592226005,2.6190286851896993,0.1875952678013433,-0.7135571874740033,0.11052917042831333,-0.032529709408736666,0.11143485331231334,-0.37307172958600343,0.08433505479575668,0.43565891472866675,,0.011339597383153308,8.351161270950009e-05,0.0017835513565633287,2.3968429937123417e-05,0.0018233980258636666,1.141253724923766e-05,0.00017142250335999698,9.620928338586001e-05,0.33290338852332724,0.03098397005710657,0.38236400202003296,0.00336296987940668,0.22864984318480325,0.03225144764174999,0.20874442705217666,0.023515530832889958,0.12969209844734012,0.019428871079023302,0.043410852713200165

536,1(classical),,,0.14037261800746667,0.0005439369092890334,0.12339207848836334,0.0009448961801564864,0.007441551377085001,1.7126884769546997e-05,0.08191113336065334,0.00037462682554919327,-27.659497216436666,1.854297069370267,1.6046974136197671,0.26613257506330334,-1.0552287759629,0.13791038620371332,0.13758220947822666,0.12027460268702667,-0.37767086689973334,0.11353729339163669,0.3868217054262665
,,561,1(classical),0.1546997183243,0.0005326781073964,0.12543907461244333,0.0016906144104500093,0.007680989034794332,2.467611591017933e-05,0.08643335002049998,0.0005298925469437334,-26.570782163460002,1.1713966803344333,1.5539279999409332,0.3802447811398266,-0.7149913982535666,0.17291185016353333,-0.019834226129086675,0.14875801729396335,-0.20353075950019667,0.12568922008656,0.38682170542626665,,0.014327100316833319,1.1258801892633343e-05,0.0020469961240799917,0.0007457182302935229,0.00023943765770933177,7.549231140632335e-06,0.004522216659846645,0.0001552657213945401,1.0887150529766636,0.6829003890358336,0.05076941367883392,0.11411220607652328,0.3402373777093334,0.03500146395982001,0.15741643560731333,0.02848341460693668,0.17414010739953667,0.012151926694923307,1.6653345369377348e-16
,,526,1(classical),0.14616918326823333,0.0005459521791318333,0.11329336240306667,0.0010897586726922334,0.007053443585304999,2.0002799314863666e-05,0.07279236638908002,0.0004185214153015499,-27.121379712803332,0.8898683161393667,1.7816254259333668,0.24068622177458662,-0.7746957452408333,0.12817241575196667,-0.15358933347228332,0.10136910290978336,-0.44628319052891,0.10547073555453332,0.40542635658903325,,0.005796565260766662,2.015269842799974e-06,0.010098716085296666,0.00014486249253574705,0.0003881077917800013,2.8759145453166696e-06,0.009118766971573322,4.389458975235665e-05,0.5381175036333339,0.9644287532309003,0.17692801231359967,0.025446353288716722,0.2805330307220667,0.009737970451746653,0.29117154295050995,0.018905499777243304,0.06861232362917669,0.008066557837103375,0.018604651162766772
,,574,1(classical),0.14492023578503332,0.0005567903194273333,0.11803234011624335,0.0008198648868473288,0.007747774001252666,1.878109734949333e-05,0.08139534883720666,0.00027121599218092325,-27.253692208243333,1.2515485715863002,1.6262151141249668,0.2465508518304567,-1.2085637917342333,0.15059019419964997,0.020626044870803325,0.11601087360389002,-0.31582680202568164,0.10449485556008001,0.3930232558139332,,0.004547617777566654,1.2853410138299903e-05,0.00535973837211999,0.00012503129330915762,0.00030622262416766556,1.6542125799463333e-06,0.0005157845234466801,0.00010341083336827002,0.4058050081933331,0.6027484977839668,0.021517700505199633,0.019581723232846654,0.15333501577133335,0.012679807995936654,0.11695616460742334,0.004263729083136644,0.061844064874051696,0.009042437831556685,0.006201550387666732
,,598,1(classical),0.1390725169622,0.0004973661210568333,0.10848171027130003,0.0014301757372367206,0.007482294314979335,1.5265907900261e-05,0.07217342496092001,0.0003781949446766267,-27.27388968366332,1.4363286157528001,1.9022784022276666,0.19507213055738665,-0.6452203346785,0.11140500758885334,-0.038013709276665,0.12457035398060666,-0.28009294418786335,0.10064949314649999,0.3744186046511,,0.0013001010452666772,4.657078823220001e-05,0.014910368217063305,0.0004852795570802342,4.074293789433411e-05,1.860976869285996e-06,0.009737708399733327,3.5681191274334126e-06,0.3856075327733457,0.4179684536174668,0.2975809886078995,0.0710604445059167,0.41000844128439995,0.02650537861485998,0.17559591875489167,0.004295751293579994,0.09757792271186999,0.012887800245136707,0.012403100775166487

578,1(classical),,,0.14141788852843332,0.0006090797447481335,0.10906916182182003,0.001719096383038633,0.008137244480762333,5.592757523609135e-05,0.07114944098059,0.0004972105861776332,-27.64574640675667,1.8894507701501335,1.8917831926973334,0.27234443050759327,-0.6296670484081334,0.13880795799558668,0.05978104704768666,0.12632385423005335,-0.16404949637303803,0.11437003651135333,0.3674418604650666
,,561,1(classical),0.1546997183243,0.0005326781073964,0.12543907461244333,0.0016906144104500093,0.007680989034794332,2.467611591017933e-05,0.08643335002049998,0.0005298925469437334,-26.570782163460002,1.1713966803344333,1.5539279999409332,0.3802447811398266,-0.7149913982535666,0.17291185016353333,-0.019834226129086675,0.14875801729396335,-0.20353075950019667,0.12568922008656,0.38682170542626665,,0.013281829795866673,7.640163735173349e-05,0.016369912790623303,2.8481972588623693e-05,0.0004562554459680004,3.1251459325912025e-05,0.015283909039909976,3.268196076610015e-05,1.074964243296666,0.7180540898157002,0.3378551927564002,0.10790035063223335,0.08532434984543324,0.03410389216794665,0.07961527317677333,0.022434163063909995,0.03948126312715863,0.01131918357520667,0.019379844961200043
,,574,1(classical),0.14492023578503332,0.0005567903194273333,0.11803234011624335,0.0008198648868473288,0.007747774001252666,1.878109734949333e-05,0.08139534883720666,0.00027121599218092325,-27.253692208243333,1.2515485715863002,1.6262151141249668,0.2465508518304567,-1.2085637917342333,0.15059019419964997,0.020626044870803325,0.11601087360389002,-0.31582680202568164,0.10449485556008001,0.3930232558139332,,0.003502347256600008,5.228942532080024e-05,0.008963178294423321,0.0008992314961913042,0.0003894704795096666,3.7146477886598024e-05,0.010245907856616651,0.00022599459399670998,0.39205419851333545,0.6379021985638333,0.26556807857236664,0.02579357867713658,0.5788967433261,0.011782236204063296,0.039155002176883336,0.010312980626163329,0.1517773056526436,0.009875180951273321,0.02558139534886661
,,563,1(classical),0.14744303216226667,0.0005350114373227666,0.11891048934110333,0.0022954071193468004,0.007025680997504667,9.444765993597668e-06,0.07538190809934,0.0005765481796152001,-25.61241773221333,1.780808913922733,1.9201653898120001,0.21416212678659335,-0.37061232814568323,0.13565889700220668,-0.05051827499458334,0.13280157995014,-0.16525457247278336,0.10049260132615669,0.3782945736432666,,0.0060251436338333575,7.40683074253669e-05,0.009841327519283308,0.0005763107363081674,0.001111563483257666,4.648280924249369e-05,0.00423246711875,7.933759343756684e-05,2.0333286745433377,0.10864185622740052,0.02838219711466672,0.05818230372099992,0.25905472026245013,0.0031490609933799985,0.11029932204227,0.006477725720086647,0.0012050760997453225,0.013877435185196643,0.010852713178199969
,,598,1(classical),0.1390725169622,0.0004973661210568333,0.10848171027130003,0.0014301757372367206,0.007482294314979335,1.5265907900261e-05,0.07217342496092001,0.0003781949446766267,-27.27388968366332,1.4363286157528001,1.9022784022276666,0.19507213055738665,-0.6452203346785,0.11140500758885334,-0.038013709276665,0.12457035398060666,-0.28009294418786335,0.10064949314649999,0.3744186046511,,0.002345371566233323,0.00011171362369130015,0.0005874515505199934,0.0002889206458019124,0.0006549501657829981,4.066166733583035e-05,0.0010239839803300038,0.00011901564150100654,0.37185672309334805,0.4531221543973334,0.010495209530333227,0.07727229995020662,0.015553286270366673,0.027402950406733337,0.09779475632435167,0.0017535002494466906,0.11604344781482531,0.013720543364853344,0.00697674418603339

560,1(classical),,,0.1425793581892667,0.0005965602962079333,0.12505753391466667,0.0017296782308427333,0.006664956753385002,1.9107246108248e-05,0.07589617560946998,0.0005915396374453301,-26.379933911506665,1.0620506324538335,1.871782710156,0.26591675890399663,-0.48055746366662133,0.12684844191605332,0.003054783819597987,0.12205165711781003,-0.5222041722939333,0.10863329672625666,0.3596899224805666
,,526,1(classical),0.14616918326823333,0.0005459521791318333,0.11329336240306667,0.0010897586726922334,0.007053443585304999,2.0002799314863666e-05,0.07279236638908002,0.0004185214153015499,-27.121379712803332,0.8898683161393667,1.7816254259333668,0.24068622177458662,-0.7746957452408333,0.12817241575196667,-0.15358933347228332,0.10136910290978336,-0.44628319052891,0.10547073555453332,0.40542635658903325,,0.0035898250789666297,5.0608117076099955e-05,0.011764171511600002,0.0006399195581504999,0.0003884868319199977,8.955532066156661e-07,0.003103809220389969,0.0001730182221437802,0.7414458012966669,0.1721823163144668,0.09015728422263325,0.025230537129410008,0.29413828157421196,0.0013239738359133446,0.1566441172918813,0.02068255420802667,0.07592098176502332,0.003162561171723338,0.04573643410846667
,,591,1(classical),0.13875110921336667,0.0005323222392151667,0.1123455668604767,0.0011712835740665336,0.008610780058754668,1.877444789156133e-05,0.07062455437733002,0.00037667786233246657,-25.797781169250005,0.7932721402636,1.9009112887989663,0.18777236733181338,-0.7164781162467332,0.09005298953601999,-0.00942887282827167,0.1025985321010767,-0.5430588657124436,0.09777839471511665,0.3806201550387332,,0.0038282489759000338,6.423805699276662e-05,0.012711967054189977,0.0005583946567761996,0.0019458233053696664,3.3279821668667e-07,0.005271621232139964,0.00021486177511286354,0.5821527422566604,0.2687784921902334,0.029128578642966252,0.07814439157218325,0.23592065258011186,0.03679545238003333,0.012483656647869656,0.01945312501673334,0.020854693418510206,0.010854902011140005,0.020930232558166617
,,553,1(classical),0.15753538042376666,0.0005652975307548667,0.15472080910857,0.002509046120968167,0.007289564641118999,1.7368318787821665e-05,0.09410640331313999,0.0007725622053072668,-27.772207584763333,1.1573189750579334,1.4147255178345597,0.2977934207726,-0.45389636595308663,0.16163108892762998,-0.07375032408443,0.14895487800819662,-0.41316729091915333,0.11858548540755003,0.35581395348833333,,0.01495602223449996,3.12627654530666e-05,0.029663275193903327,0.0007793678901254336,0.0006246078877339975,1.738927320426335e-06,0.018210227703670007,0.0001810225678619367,1.3922736732566676,0.09526834260409989,0.4570571923214404,0.031876661868603384,0.026661097713534698,0.034782647011576656,0.07680510790402799,0.02690322089038659,0.10903688137478001,0.00995218868129337,0.0038759689922332474
,,598,1(classical),0.1390725169622,0.0004973661210568333,0.10848171027130003,0.0014301757372367206,0.007482294314979335,1.5265907900261e-05,0.07217342496092001,0.0003781949446766267,-27.27388968366332,1.4363286157528001,1.9022784022276666,0.19507213055738665,-0.6452203346785,0.11140500758885334,-0.038013709276665,0.12457035398060666,-0.28009294418786335,0.10064949314649999,0.3744186046511,,0.0035068412270667093,9.919417515109994e-05,0.01657582364336664,0.0002995024936060127,0.0008173375615943331,3.841338207986999e-06,0.0037227506485499745,0.00021334469276870343,0.8939557721566551,0.37427798329896667,0.03049569207166658,0.07084462834660998,0.1646628710118787,0.015443434327199981,0.04106849309626299,0.0025186968627966266,0.24211122810607,0.007983803579756671,0.014728682170533414

547,1(classical),,,0.1355440102511,0.0005935506101145,0.10991400193806666,0.0013191235523212004,0.00706934405404,1.1644308824222e-05,0.07003443620202335,0.0004233170635126333,-25.632160715846666,1.424953305738667,2.153201481788833,0.23090639105339997,-0.6001461857304,0.16109276818215332,0.11626620829408134,0.10621422503940667,-0.19817103795624,0.10591009310654999,0.42713178294563303
,,816,2(country),0.1457628893857867,0.0009031118726067335,0.08708817829460336,0.002844059478061166,0.006912695017982666,3.0391173625723666e-05,0.06019053687101331,0.00055162837266455,-24.583710616993333,0.6646585776598669,2.345500873648,0.1873183692719867,-0.10140496610071094,0.17891266164778,0.19572796916271004,0.1142787893865933,-0.029527202944815967,0.10156169599738998,0.44728682170539996,,0.010218879134686693,0.00030956126249223343,0.022825823643463306,0.0015249359257399656,0.00015664903605733423,1.8746864801501667e-05,0.009843899331010035,0.00012831130915191672,1.0484500988533334,0.7602947280788,0.1922993918591671,0.04358802178141327,0.4987412196296891,0.01781989346562668,0.0794617608686287,0.008064564347186637,0.16864383501142402,0.004348397109160004,0.02015503875976693
,,501,1(classical),0.13230004638183337,0.0006169891474314665,0.08924418604649333,0.0005276669161330335,0.0073148552791396666,6.759752627697497e-05,0.06242661448141333,0.0002374895960955534,-24.390285652763335,0.8675260455040333,2.199909915192667,0.18192366479128666,-0.9981682607669,0.13063927244782667,0.007119168218056662,0.13091285245017997,-0.35428173153475,0.10766269682601332,0.40775193798446663,,0.0032439638692666195,2.3438537316966502e-05,0.020669815891573337,0.000791456636188167,0.0002455112250996667,5.595321745275297e-05,0.007607821720610017,0.0001858274674170799,1.2418750630833308,0.5574272602346336,0.046708433403833904,0.04898272626211331,0.3980220750365,0.030453495734326652,0.10914704007602467,0.024698627410773305,0.15611069357851,0.0017526037194633276,0.019379844961166404
,,563,1(classical),0.14744303216226667,0.0005350114373227666,0.11891048934110333,0.0022954071193468004,0.007025680997504667,9.444765993597668e-06,0.07538190809934,0.0005765481796152001,-25.61241773221333,1.780808913922733,1.9201653898120001,0.21416212678659335,-0.37061232814568323,0.13565889700220668,-0.05051827499458334,0.13280157995014,-0.16525457247278336,0.10049260132615669,0.3782945736432666,,0.01189902191116668,5.8539172791733426e-05,0.008996487403036671,0.0009762835670256,4.366305653533305e-05,2.1995428306243315e-06,0.005347471897316658,0.00015323111610256678,0.019742983633335598,0.35585560818406603,0.23303609197683284,0.016744264266806613,0.22953385758471678,0.025433871179946638,0.1667844832886647,0.02658735491073333,0.03291646548345664,0.005417491780393302,0.04883720930236646
,,598,1(classical),0.1390725169622,0.0004973661210568333,0.10848171027130003,0.0014301757372367206,0.007482294314979335,1.5265907900261e-05,0.07217342496092001,0.0003781949446766267,-27.27388968366332,1.4363286157528001,1.9022784022276666,0.19507213055738665,-0.6452203346785,0.11140500758885334,-0.038013709276665,0.12457035398060666,-0.28009294418786335,0.10064949314649999,0.3744186046511,,0.003528506711099999,9.618448905766668e-05,0.0014322916667666302,0.00011105218491552012,0.00041295026093933485,3.6215990760390014e-06,0.002138988758896662,4.5122118836006607e-05,1.641728967816654,0.011375310014133166,0.25092307956116633,0.03583426049601332,0.045074148948100023,0.049687760593299976,0.15427991757074633,0.018356128941199992,0.08192190623162335,0.0052605999600500025,0.052713178294533036
,,564,1(classical),0.12041029507048,0.0006385047437837335,0.09403766957366,0.0007795620978968567,0.005934000129613,9.844489273416334e-06,0.06084133557850001,0.00021390736779842333,-25.289326543973335,0.47573033592226005,2.6190286851896993,0.1875952678013433,-0.7135571874740033,0.11052917042831333,-0.032529709408736666,0.11143485331231334,-0.37307172958600343,0.08433505479575668,0.43565891472866675,,0.015133715180619997,4.4954133669233495e-05,0.015876332364406665,0.0005395614544243438,0.0011353439244269998,1.7998195508056656e-06,0.00919310062352334,0.00020940969571420996,0.34283417187333143,0.949222969816407,0.46582720340086636,0.04331112325205666,0.1134110017436033,0.05056359775383999,0.148795917702818,0.005220628272906674,0.17490069162976343,0.021575038310793312,0.008527131783033715

809,2(country),,,0.14140935919013337,0.0015586223695897002,0.06321463178292001,0.0029258143478476063,0.008289496283124,2.7537949902106664e-05,0.048665786798949985,0.0006337464782677932,-25.38255197574334,0.7206562440755335,2.931153193045667,0.18124231738123997,0.15016702080570468,0.14187703254791667,0.19177484108049334,0.08452425328044665,0.10310467164617769,0.08683283063012665,0.41705426356586645
,,816,2(country),0.1457628893857867,0.0009031118726067335,0.08708817829460336,0.002844059478061166,0.006912695017982666,3.0391173625723666e-05,0.06019053687101331,0.00055162837266455,-24.583710616993333,0.6646585776598669,2.345500873648,0.1873183692719867,-0.10140496610071094,0.17891266164778,0.19572796916271004,0.1142787893865933,-0.029527202944815967,0.10156169599738998,0.44728682170539996,,0.004353530195653321,0.0006555104969829667,0.023873546511683344,8.175486978644021e-05,0.0013768012651413346,2.8532237236170023e-06,0.011524750072063328,8.211810560324322e-05,0.798841358750007,0.055997666415666614,0.585652319397667,0.006076051890746725,0.25157198690641563,0.037035629099863326,0.003953128082216706,0.02975453610614666,0.13263187459099365,0.014728865367263339,0.030232558139533516
,,868,2(country),0.16479867341826668,0.0013557156780728663,0.11259084302327332,0.006607034207677467,0.007047905206868668,2.230586181486466e-05,0.07550782020359666,0.0009953105441010666,-25.222561549206663,0.7738072028131333,2.3549331759443333,0.20125910266309335,0.137598676434234,0.13268575089539,0.3158761132576,0.11677656721103667,0.06897794872899135,0.09506262953235664,0.4255813953487999,,0.023389314228133312,0.0002029066915168339,0.04937621124035331,0.0036812198598298604,0.0012415910762553321,5.232088087242002e-06,0.02684203340464667,0.0003615640658332734,0.15999042653667672,0.053150958737599785,0.5762200171013339,0.020016785281853383,0.012568344371470669,0.009191281652526667,0.12410127217710668,0.032252313930590026,0.03412672291718634,0.008229798902229996,0.008527131782933461
,,552,1(classical),0.12113733907469997,0.0007146819916136665,0.06125545058139334,0.0005025596474231333,0.007893814107452,2.6648077924223656e-05,0.04452130645185667,0.00017787918208205333,-25.15123988043333,0.8316226027057999,2.8091952103090003,0.16242109161130996,-0.059088214002040014,0.09291367095867999,0.1902829681445533,0.10506944361977331,-0.11494163484256,0.08913465370979999,0.44496124031006645,,0.0202720201154334,0.0008439403779760337,0.0019591812015266746,0.002423254700424473,0.0003956821756720009,8.898719778830073e-07,0.004144480347093318,0.0004558672961857399,0.23131209531000962,0.11096635863026638,0.1219579827366668,0.018821225769930006,0.2092552348077447,0.048963361589236684,0.0014918729359400251,0.02054519033932667,0.21804630648873768,0.0023018230796733458,0.027906976744200007
,,896,2(country),0.11833597597980666,0.0012572882259637669,0.04788032945737101,0.001731304514616117,0.007194672640051999,5.720230800803334e-05,0.03569684006128668,0.00049638528344065,-26.25112998020667,1.2293520509252334,2.8351487406246667,0.20945779979781673,0.07317159788637334,0.21217632881872334,0.3979974980883501,0.0952206012457033,0.3113216149430332,0.09732896227139999,0.45193798449603323,,0.023073383210326703,0.0003013341436259333,0.015334302325549005,0.0011945098332314893,0.001094823643072001,2.966435810592668e-05,0.012968946737663307,0.00013736119482714326,0.8685780044633304,0.5086958068496998,0.09600445242100042,0.02821548241657676,0.07699542291933134,0.07029929627080667,0.20622265700785677,0.010696347965256661,0.20821694329685547,0.010496131641273346,0.034883720930166784

579,1(classical),,,0.14493632056283332,0.0005208692556971666,0.11615188953484999,0.0014519847748145,0.007797743858417001,2.543443076335067e-05,0.07602360472701665,0.00038737586804583993,-26.193584724233336,1.1270477083198667,1.7862657256393,0.17049103452424336,-0.6170659452536333,0.12423244510315665,-0.042739832020144336,0.11530588307418,-0.2320724257449601,0.09756507526690335,0.4046511627906665
,,561,1(classical),0.1546997183243,0.0005326781073964,0.12543907461244333,0.0016906144104500093,0.007680989034794332,2.467611591017933e-05,0.08643335002049998,0.0005298925469437334,-26.570782163460002,1.1713966803344333,1.5539279999409332,0.3802447811398266,-0.7149913982535666,0.17291185016353333,-0.019834226129086675,0.14875801729396335,-0.20353075950019667,0.12568922008656,0.38682170542626665,,0.009763397761466674,1.1808851699233363e-05,0.009287185077593338,0.00023862963563550926,0.0001167548236226685,7.583148531713382e-07,0.010409745293483333,0.00014251667889789344,0.3771974392266664,0.04434897201456667,0.23233772569836675,0.20975374661558327,0.09792545299993327,0.048679405060376685,0.02290560589105766,0.03345213421978335,0.028541666244763425,0.028124144819656652,0.017829457364399837
,,526,1(classical),0.14616918326823333,0.0005459521791318333,0.11329336240306667,0.0010897586726922334,0.007053443585304999,2.0002799314863666e-05,0.07279236638908002,0.0004185214153015499,-27.121379712803332,0.8898683161393667,1.7816254259333668,0.24068622177458662,-0.7746957452408333,0.12817241575196667,-0.15358933347228332,0.10136910290978336,-0.44628319052891,0.10547073555453332,0.40542635658903325,,0.0012328627054000174,2.508292343466668e-05,0.00285852713178332,0.0003622261021222666,0.0007443002731120016,5.431631448487004e-06,0.0032312383379366344,3.114554725570999e-05,0.9277949885699961,0.2371793921805,0.00464029970593316,0.07019518725034327,0.15762979998719995,0.003939970648810021,0.11084950145213898,0.013936780164396631,0.21421076478394993,0.00790566028762997,0.0007751937983667689
,,591,1(classical),0.13875110921336667,0.0005323222392151667,0.1123455668604767,0.0011712835740665336,0.008610780058754668,1.877444789156133e-05,0.07062455437733002,0.00037667786233246657,-25.797781169250005,0.7932721402636,1.9009112887989663,0.18777236733181338,-0.7164781162467332,0.09005298953601999,-0.00942887282827167,0.1025985321010767,-0.5430588657124436,0.09777839471511665,0.3806201550387332,,0.006185211349466646,1.1452983518000018e-05,0.003806322674373294,0.0002807012007479664,0.0008130362003376671,6.65998287178934e-06,0.005399050349686629,1.0698005713373363e-05,0.3958035549833312,0.3337755680562666,0.11464556315966634,0.01728133280757002,0.09941217099309985,0.034179455567136655,0.033310959191872665,0.012707350973103299,0.31098643996748343,0.0002133194482133033,0.024031007751933287
,,574,1(classical),0.14492023578503332,0.0005567903194273333,0.11803234011624335,0.0008198648868473288,0.007747774001252666,1.878109734949333e-05,0.08139534883720666,0.00027121599218092325,-27.253692208243333,1.2515485715863002,1.6262151141249668,0.2465508518304567,-1.2085637917342333,0.15059019419964997,0.020626044870803325,0.11601087360389002,-0.31582680202568164,0.10449485556008001,0.3930232558139332,,1.6084777799990624e-05,3.592106373016661e-05,0.0018804505813933559,0.0006321198879671713,4.9969857164334705e-05,6.65333341385734e-06,0.005371744110190008,0.00011615987586491668,1.0601074840099969,0.1245008632664335,0.1600506115143332,0.07605981730621333,0.5914978464806,0.026357749096493327,0.06336587689094766,0.0007049905297100284,0.08375437628072155,0.00692978029317666,0.011627906976733271
,,516,1(classical),0.13453302425299998,0.00043977536571499995,0.10135053294573,0.0006121401445532,0.005061312815848667,7.077549814030333e-06,0.06716576404376,0.00019437501891812336,-26.168004669033333,0.2331236609666333,2.275065920273,0.12064562383611,-0.6678177188941002,0.10744787986677669,0.00756639864311666,0.09268204202956669,-0.4518262215662166,0.07907131497249667,0.43255813953486655,,0.010403296309833332,8.10938899821667e-05,0.01480135658911999,0.0008398446302613,0.0027364310425683335,1.8356880949320337e-05,0.008857840683256651,0.00019300084912771657,0.025580055200002505,0.8939240473532334,0.48880019463370017,0.04984541068813336,0.0507517736404669,0.01678456523637996,0.050306230663260995,0.022623841044613305,0.2197537958212565,0.018493760294406678,0.027906976744200063
,,563,1(classical),0.14744303216226667,0.0005350114373227666,0.11891048934110333,0.0022954071193468004,0.007025680997504667,9.444765993597668e-06,0.07538190809934,0.0005765481796152001,-25.61241773221333,1.780808913922733,1.9201653898120001,0.21416212678659335,-0.37061232814568323,0.13565889700220668,-0.05051827499458334,0.13280157995014,-0.16525457247278336,0.10049260132615669,0.3782945736432666,,0.002506711599433359,1.414218162559995e-05,0.0027585998062533423,0.0008434223445323004,0.000772062860912334,1.5989664769753004e-05,0.0006416966276766439,0.00018917231156936014,0.5811669920200053,0.6537612056028663,0.13389966417270016,0.04367109226235,0.2464536171079501,0.011426451899050033,0.007778442974439005,0.017495696875960004,0.06681785327217674,0.002927526059253338,0.02635658914739991
,,598,1(classical),0.1390725169622,0.0004973661210568333,0.10848171027130003,0.0014301757372367206,0.007482294314979335,1.5265907900261e-05,0.07217342496092001,0.0003781949446766267,-27.27388968366332,1.4363286157528001,1.9022784022276666,0.19507213055738665,-0.6452203346785,0.11140500758885334,-0.038013709276665,0.12457035398060666,-0.28009294418786335,0.10064949314649999,0.3744186046511,,0.005863803600633322,2.35031346403333e-05,0.007670179263549959,2.180903757777945e-05,0.00031544954343766616,1.016852286308967e-05,0.0038501797660966397,9.180923369213247e-06,1.0803049594299843,0.30928090743293346,0.11601267658836667,0.02458109603314329,0.0281543894248667,0.012827437514303305,0.004726122743479333,0.009264470906426667,0.048020518442903254,0.0030844178795966376,0.03023255813956649

555,1(classical),,,0.13331614202976663,0.0005050199875750999,0.10220445736433335,0.0006399707233709667,0.007995840330826332,2.3242263679852e-05,0.06875104294665,0.00025671333670795003,-25.94411235795667,1.1940638275691,2.0565103278490007,0.15146959024877665,-0.6665614588349899,0.10391797164522,0.10285214799343535,0.09856163397835666,-0.2849105497447753,0.08381144603101,0.4232558139534331
,,501,1(classical),0.13230004638183337,0.0006169891474314665,0.08924418604649333,0.0005276669161330335,0.0073148552791396666,6.759752627697497e-05,0.06242661448141333,0.0002374895960955534,-24.390285652763335,0.8675260455040333,2.199909915192667,0.18192366479128666,-0.9981682607669,0.13063927244782667,0.007119168218056662,0.13091285245017997,-0.35428173153475,0.10766269682601332,0.40775193798446663,,0.0010160956479332572,0.0001119691598563666,0.012960271317840028,0.0001123038072379332,0.0006809850516866656,4.435526259712297e-05,0.006324428465236676,1.922374061239665e-05,1.5538267051933339,0.3265377820650667,0.1433995873436662,0.030454074542510007,0.33160680193191017,0.026721300802606665,0.09573297977537869,0.03235121847182332,0.0693711817899747,0.023851250795003318,0.015503875968966463
,,514,1(classical),0.120627020245,0.0005164221498338334,0.08814801356588335,0.0005173436452492666,0.006811819988034666,1.2892885227705337e-05,0.05811981371076666,0.00014893062191825667,-26.483846611543342,0.89158120979057,2.3824240437193334,0.1582939385997267,-0.8677227277737001,0.09217833251935663,-0.005442382645907997,0.09553969224843666,-0.5284851426098,0.07558446468953665,0.4217054263564999,,0.012689121784766638,1.1402162258733451e-05,0.014056443798450002,0.00012262707812170002,0.0011840203427916666,1.0349378452146663e-05,0.010631229235883347,0.00010778271478969337,0.5397342535866727,0.30248261777853,0.3259137158703327,0.006824348350950055,0.20116126893871022,0.011739639125863371,0.10829453063934336,0.0030219417299199997,0.24357459286502464,0.008226981341473344,0.0015503875969332115
,,526,1(classical),0.14616918326823333,0.0005459521791318333,0.11329336240306667,0.0010897586726922334,0.007053443585304999,2.0002799314863666e-05,0.07279236638908002,0.0004185214153015499,-27.121379712803332,0.8898683161393667,1.7816254259333668,0.24068622177458662,-0.7746957452408333,0.12817241575196667,-0.15358933347228332,0.10136910290978336,-0.44628319052891,0.10547073555453332,0.40542635658903325,,0.0128530412384667,4.09321915567334e-05,0.011088905038733318,0.0004497879493212668,0.0009423967455213329,3.2394643649883333e-06,0.004041323442430009,0.00016180807859359988,1.1772673548466628,0.30419551142973333,0.27488490191563386,0.08921663152580997,0.10813428640584344,0.024254444106746667,0.25644148146571866,0.002807468931426707,0.1613726407841347,0.02165928952352332,0.017829457364399837
,,591,1(classical),0.13875110921336667,0.0005323222392151667,0.1123455668604767,0.0011712835740665336,0.008610780058754668,1.877444789156133e-05,0.07062455437733002,0.00037667786233246657,-25.797781169250005,0.7932721402636,1.9009112887989663,0.18777236733181338,-0.7164781162467332,0.09005298953601999,-0.00942887282827167,0.1025985321010767,-0.5430588657124436,0.09777839471511665,0.3806201550387332,,0.005434967183600037,2.730225164006674e-05,0.010141109496143344,0.000531312850695567,0.0006149397279283358,4.4678157882906694e-06,0.0018735114306800138,0.00011996452562451653,0.1463311887066645,0.40079168730549997,0.15559903905003436,0.036302777083036725,0.04991665741174334,0.013864982109200008,0.11228102082170702,0.0040368981227200396,0.25814831596766824,0.013966948684106653,0.04263565891469989
,,516,1(classical),0.13453302425299998,0.00043977536571499995,0.10135053294573,0.0006121401445532,0.005061312815848667,7.077549814030333e-06,0.06716576404376,0.00019437501891812336,-26.168004669033333,0.2331236609666333,2.275065920273,0.12064562383611,-0.6678177188941002,0.10744787986677669,0.00756639864311666,0.09268204202956669,-0.4518262215662166,0.07907131497249667,0.43255813953486655,,0.001216882223233351,6.524462186009998e-05,0.0008539244186033523,2.7830578817766675e-05,0.002934527514977665,1.6164713865821666e-05,0.0015852789028900083,6.233831778982668e-05,0.22389231107666419,0.9609401666024667,0.21855559242399947,0.03082396641266666,0.0012562600591103923,0.003529908221556688,0.0952857493503187,0.005879591948789967,0.1669156718214413,0.004740131058513328,0.009302325581433457
,,563,1(classical),0.14744303216226667,0.0005350114373227666,0.11891048934110333,0.0022954071193468004,0.007025680997504667,9.444765993597668e-06,0.07538190809934,0.0005765481796152001,-25.61241773221333,1.780808913922733,1.9201653898120001,0.21416212678659335,-0.37061232814568323,0.13565889700220668,-0.05051827499458334,0.13280157995014,-0.16525457247278336,0.10049260132615669,0.3782945736432666,,0.014126890132500042,2.999144974766667e-05,0.01670603197676998,0.0016554363959758339,0.0009701593333216654,1.3797497686254332e-05,0.006630865152689999,0.00031983484290725003,0.33169462574333863,0.586745086353633,0.13634493803700054,0.0626925365378167,0.2959491306893066,0.03174092535698668,0.1533704229880187,0.03423994597178334,0.11965597727199195,0.016681155295146688,0.04496124031016652
,,598,1(classical),0.1390725169622,0.0004973661210568333,0.10848171027130003,0.0014301757372367206,0.007482294314979335,1.5265907900261e-05,0.07217342496092001,0.0003781949446766267,-27.27388968366332,1.4363286157528001,1.9022784022276666,0.19507213055738665,-0.6452203346785,0.11140500758885334,-0.038013709276665,0.12457035398060666,-0.28009294418786335,0.10064949314649999,0.3744186046511,,0.005756374932433361,7.65386651826658e-06,0.006277252906966679,0.0007902050138657539,0.0005135460158469975,7.976355779590999e-06,0.0034223820142700034,0.00012148160796867665,1.329777325706651,0.24226478818370012,0.15423192562133403,0.043602540308609994,0.02134112415648981,0.007487035943633341,0.14086585727010037,0.026008720002250005,0.004817605556911964,0.016838047115489987,0.048837209302333096
,,564,1(classical),0.12041029507048,0.0006385047437837335,0.09403766957366,0.0007795620978968567,0.005934000129613,9.844489273416334e-06,0.06084133557850001,0.00021390736779842333,-25.289326543973335,0.47573033592226005,2.6190286851896993,0.1875952678013433,-0.7135571874740033,0.11052917042831333,-0.032529709408736666,0.11143485331231334,-0.37307172958600343,0.08433505479575668,0.43565891472866675,,0.012905846959286635,0.0001334847562086336,0.008166787790673355,0.00013959137452589,0.002061840201213332,1.3397774406435666e-05,0.007909707368149999,4.28059689095267e-05,0.6547858139833345,0.71833349164684,0.5625183573406987,0.036125677552566654,0.04699572863901347,0.006611198783093325,0.135381857402172,0.012873219333956687,0.08816117984122812,0.0005236087647466775,0.012403100775233655

558,1(classical),,,0.13059078055723333,0.0005929914970148666,0.10208333333340001,0.0016267057494133666,0.0077603192962889984,8.010656321573766e-05,0.06618880747582999,0.0004815476464653799,-27.056327543110005,1.3595425234800333,2.1066896607286005,0.28278619923804665,-0.7746400240811335,0.13849963532879667,-0.1537115779257333,0.14752049164912998,-0.44174135445556,0.12039927991358666,0.4023255813952666
,,561,1(classical),0.1546997183243,0.0005326781073964,0.12543907461244333,0.0016906144104500093,0.007680989034794332,2.467611591017933e-05,0.08643335002049998,0.0005298925469437334,-26.570782163460002,1.1713966803344333,1.5539279999409332,0.3802447811398266,-0.7149913982535666,0.17291185016353333,-0.019834226129086675,0.14875801729396335,-0.20353075950019667,0.12568922008656,0.38682170542626665,,0.024108937767066657,6.03133896184666e-05,0.023355741279043316,6.390866103664263e-05,7.933026149466605e-05,5.543044730555833e-05,0.020244542544669994,4.834490047835347e-05,0.4855453796500022,0.1881458431456,0.5527616607876673,0.09745858190177997,0.059648625827566915,0.034412214834736665,0.13387735179664664,0.0012375256448333705,0.23821059495536334,0.005289940172973337,0.015503875968999936
,,526,1(classical),0.14616918326823333,0.0005459521791318333,0.11329336240306667,0.0010897586726922334,0.007053443585304999,2.0002799314863666e-05,0.07279236638908002,0.0004185214153015499,-27.121379712803332,0.8898683161393667,1.7816254259333668,0.24068622177458662,-0.7746957452408333,0.12817241575196667,-0.15358933347228332,0.10136910290978336,-0.44628319052891,0.10547073555453332,0.40542635658903325,,0.015578402711,4.7039317883033286e-05,0.011210029069666658,0.0005369470767211332,0.0007068757109839991,6.0103763900874e-05,0.006603558913250027,6.302623116382998e-05,0.0650521696933275,0.46967420734066667,0.3250642347952337,0.04209997746346003,5.572115969976199e-05,0.010327219576829999,0.00012224445344999335,0.04615138873934661,0.004541836073350014,0.014928544359053345,0.0031007751937666694
,,591,1(classical),0.13875110921336667,0.0005323222392151667,0.1123455668604767,0.0011712835740665336,0.008610780058754668,1.877444789156133e-05,0.07062455437733002,0.00037667786233246657,-25.797781169250005,0.7932721402636,1.9009112887989663,0.18777236733181338,-0.7164781162467332,0.09005298953601999,-0.00942887282827167,0.1025985321010767,-0.5430588657124436,0.09777839471511665,0.3806201550387332,,0.008160328656133337,6.066925779969995e-05,0.010262233527076683,0.000455422175346833,0.0008504607624656695,6.133211532417633e-05,0.004435746901500032,0.00010486978413291333,1.2585463738599998,0.5662703832164333,0.20577837192963422,0.09501383190623328,0.05816190783440034,0.048446645792776674,0.14428270509746163,0.04492195954805328,0.10131751125688354,0.02262088519847001,0.021705426356533386
,,574,1(classical),0.14492023578503332,0.0005567903194273333,0.11803234011624335,0.0008198648868473288,0.007747774001252666,1.878109734949333e-05,0.08139534883720666,0.00027121599218092325,-27.253692208243333,1.2515485715863002,1.6262151141249668,0.2465508518304567,-1.2085637917342333,0.15059019419964997,0.020626044870803325,0.11601087360389002,-0.31582680202568164,0.10449485556008001,0.3930232558139332,,0.014329455227799992,3.620117758753336e-05,0.015949006782843334,0.0008068408625660379,1.2545295036332262e-05,6.132546586624433e-05,0.015206541361376669,0.00021033165428445665,0.1973646651333283,0.10799395189373318,0.48047454660363376,0.03623534740758996,0.4339237676530998,0.012090558870853307,0.17433762279653664,0.031509618045239954,0.12591455242987837,0.015904424353506655,0.00930232558133337
,,598,1(classical),0.1390725169622,0.0004973661210568333,0.10848171027130003,0.0014301757372367206,0.007482294314979335,1.5265907900261e-05,0.07217342496092001,0.0003781949446766267,-27.27388968366332,1.4363286157528001,1.9022784022276666,0.19507213055738665,-0.6452203346785,0.11140500758885334,-0.038013709276665,0.12457035398060666,-0.28009294418786335,0.10064949314649999,0.3744186046511,,0.008481736404966661,9.562537595803327e-05,0.006398376937900019,0.00019653001217664607,0.0002780249813096637,6.484065531547666e-05,0.005984617485090021,0.00010335270178875322,0.21756214055331569,0.07678609227276678,0.2044112585009339,0.08771406868066,0.1294196894026335,0.027094627739943325,0.11569786864906831,0.022950137668523315,0.16164841026769666,0.019749786767086677,0.02790697674416659

513,1(classical),,,0.15371603872829998,0.0007808804397798334,0.14206637596906332,0.0014575694861105,0.0070945347230016685,1.1899536992378665e-05,0.09173682853205,0.0004540254502418267,-25.843092051400003,1.04058011806707,1.571617568082133,0.17819206557026326,-0.8729155012465666,0.10629607025549334,0.08225042234545835,0.10277061218912668,-0.32358537727861963,0.07670912089586998,0.4317829457364333
,,533,1(classical),0.1404545120939667,0.00044229914742456664,0.12093931686044,0.0005772542669814501,0.004820490235911332,5.665748223531001e-06,0.07950059922028334,0.0002773881575382666,-24.815370526243335,0.30742499987555666,1.5543000482497669,0.2025575091189899,-0.9200572317016,0.1376903453194833,0.2062616751466853,0.14431529934454332,-0.3688266476392234,0.10245468308467998,0.44031007751929985,,0.013261526634333276,0.00033858129235526675,0.021127059108623322,0.00088031521912905,0.002274044487090336,6.233788768847664e-06,0.012236229311766655,0.00017663729270356012,1.027721525156668,0.7331551181915132,0.01731751983236607,0.024365443548726634,0.04714173045503345,0.03139427506398995,0.12401125280122696,0.041544687155416635,0.04524127036060377,0.025745562188809995,0.00852713178286657
,,526,1(classical),0.14616918326823333,0.0005459521791318333,0.11329336240306667,0.0010897586726922334,0.007053443585304999,2.0002799314863666e-05,0.07279236638908002,0.0004185214153015499,-27.121379712803332,0.8898683161393667,1.7816254259333668,0.24068622177458662,-0.7746957452408333,0.12817241575196667,-0.15358933347228332,0.10136910290978336,-0.44628319052891,0.10547073555453332,0.40542635658903325,,0.007546855460066643,0.00023492826064800006,0.028773013565996652,0.00036781081341826665,4.1091137696669215e-05,8.103262322485001e-06,0.01894446214296998,3.5504034940276805e-05,1.2782876614033292,0.15071180192770328,0.21000785785123388,0.06249415620432336,0.0982197560057333,0.021876345496473326,0.23583975581774166,0.0014015092793433215,0.12269781325029039,0.028761614658663337,0.026356589147400022
,,591,1(classical),0.13875110921336667,0.0005323222392151667,0.1123455668604767,0.0011712835740665336,0.008610780058754668,1.877444789156133e-05,0.07062455437733002,0.00037667786233246657,-25.797781169250005,0.7932721402636,1.9009112887989663,0.18777236733181338,-0.7164781162467332,0.09005298953601999,-0.00942887282827167,0.1025985321010767,-0.5430588657124436,0.09777839471511665,0.3806201550387332,,0.014964929514933306,0.0002485582005646667,0.029720809108586627,0.00028628591204396645,0.0015162453357529995,6.874910899182665e-06,0.021112274154719973,7.734758790936015e-05,0.04531088214999812,0.24730797780346991,0.3292937207168334,0.009580301761550114,0.1564373849998334,0.01624308071947335,0.09167929517373001,0.00017208008804998898,0.21947348843382392,0.02106927381924667,0.05116279069770008
,,574,1(classical),0.14492023578503332,0.0005567903194273333,0.11803234011624335,0.0008198648868473288,0.007747774001252666,1.878109734949333e-05,0.08139534883720666,0.00027121599218092325,-27.253692208243333,1.2515485715863002,1.6262151141249668,0.2465508518304567,-1.2085637917342333,0.15059019419964997,0.020626044870803325,0.11601087360389002,-0.31582680202568164,0.10449485556008001,0.3930232558139332,,0.00879580294326665,0.00022409012035250013,0.024034035852819977,0.0006377045992631713,0.0006532392782509977,6.881560357114665e-06,0.010341479694843336,0.00018280945806090348,1.41060015684333,0.21096845351923021,0.054597546042833844,0.06835878626019343,0.33564829048766676,0.04429412394415663,0.06162437747465502,0.013240261414763338,0.007758575252937994,0.027785734664210027,0.03875968992250006
,,516,1(classical),0.13453302425299998,0.00043977536571499995,0.10135053294573,0.0006121401445532,0.005061312815848667,7.077549814030333e-06,0.06716576404376,0.00019437501891812336,-26.168004669033333,0.2331236609666333,2.275065920273,0.12064562383611,-0.6678177188941002,0.10744787986677669,0.00756639864311666,0.09268204202956669,-0.4518262215662166,0.07907131497249667,0.43255813953486655,,0.019183014475299992,0.00034110507406483344,0.04071584302333332,0.0008454293415573001,0.002033221907153001,4.821987178348332e-06,0.024571064488289995,0.00025965043132370337,0.32491261763333057,0.8074564571004367,0.7034483521908672,0.05754644173415327,0.20509778235246634,0.001151809611283347,0.07468402370234169,0.010088570159559995,0.12824084428759697,0.002362194076626689,0.0007751937984332713

503,1(classical),,,0.1427196802564,0.000801065474735,0.12047601744183332,0.0018145178682592335,0.008128904837563665,1.708458394398933e-05,0.07695808492241332,0.0005359791028485132,-26.511947902673338,1.5791841098278667,2.0829501209951333,0.23914163708447997,-0.7599781301905335,0.09563033633171665,-0.055972991825509,0.09494290837642999,-0.35715718693929993,0.08322584545188332,0.4007751937984331
,,514,1(classical),0.120627020245,0.0005164221498338334,0.08814801356588335,0.0005173436452492666,0.006811819988034666,1.2892885227705337e-05,0.05811981371076666,0.00014893062191825667,-26.483846611543342,0.89158120979057,2.3824240437193334,0.1582939385997267,-0.8677227277737001,0.09217833251935663,-0.005442382645907997,0.09553969224843666,-0.5284851426098,0.07558446468953665,0.4217054263564999,,0.022092660011400006,0.00028464332490116663,0.03232800387594997,0.0012971742230099667,0.0013170848495289997,4.191698716283995e-06,0.018838271211646662,0.0003870484809302566,0.028101291129996042,0.6876029000372967,0.29947392272420004,0.08084769848475326,0.10774459758316657,0.0034520038123600216,0.050530609179601005,0.0005967838720066648,0.17132795567050002,0.007641380762346661,0.020930232558066753
,,526,1(classical),0.14616918326823333,0.0005459521791318333,0.11329336240306667,0.0010897586726922334,0.007053443585304999,2.0002799314863666e-05,0.07279236638908002,0.0004185214153015499,-27.121379712803332,0.8898683161393667,1.7816254259333668,0.24068622177458662,-0.7746957452408333,0.12817241575196667,-0.15358933347228332,0.10136910290978336,-0.44628319052891,0.10547073555453332,0.40542635658903325,,0.0034495030118333325,0.0002551132956031667,0.007182655038766653,0.000724759195567,0.001075461252258666,2.9182153708743344e-06,0.004165718533333307,0.00011745768754696333,0.609431810129994,0.6893157936885,0.3013246950617665,0.001544584690106654,0.014717615050299782,0.03254207942025002,0.09761634164677432,0.0064261945333533715,0.08912600358961009,0.022244890102650003,0.004651162790600127
,,591,1(classical),0.13875110921336667,0.0005323222392151667,0.1123455668604767,0.0011712835740665336,0.008610780058754668,1.877444789156133e-05,0.07062455437733002,0.00037667786233246657,-25.797781169250005,0.7932721402636,1.9009112887989663,0.18777236733181338,-0.7164781162467332,0.09005298953601999,-0.00942887282827167,0.1025985321010767,-0.5430588657124436,0.09777839471511665,0.3806201550387332,,0.003968571043033331,0.00026874323551983334,0.008130450581356627,0.0006432342941926998,0.0004818752211910027,1.6898639475719983e-06,0.006333530545083302,0.00015930124051604668,0.7141667334233333,0.7859119695642667,0.182038832196167,0.05136926975266659,0.04350001394380032,0.005577346795696658,0.04654411899723733,0.007655623724646704,0.18590167877314362,0.014552549263233336,0.020155038759699928
,,574,1(classical),0.14492023578503332,0.0005567903194273333,0.11803234011624335,0.0008198648868473288,0.007747774001252666,1.878109734949333e-05,0.08139534883720666,0.00027121599218092325,-27.253692208243333,1.2515485715863002,1.6262151141249668,0.2465508518304567,-1.2085637917342333,0.15059019419964997,0.020626044870803325,0.11601087360389002,-0.31582680202568164,0.10449485556008001,0.3930232558139332,,0.0022005555286333245,0.00024427515530766675,0.002443677325589977,0.0009946529814119048,0.0003811308363109991,1.6965134055039982e-06,0.004437263914793335,0.00026476311066759,0.7417443055699948,0.32763553824156655,0.45673500687016655,0.007409214745976722,0.44858566154369983,0.05495985786793332,0.07659903669631232,0.02106796522746003,0.04133038491361829,0.021269010108196693,0.0077519379844999126
,,516,1(classical),0.13453302425299998,0.00043977536571499995,0.10135053294573,0.0006121401445532,0.005061312815848667,7.077549814030333e-06,0.06716576404376,0.00019437501891812336,-26.168004669033333,0.2331236609666333,2.275065920273,0.12064562383611,-0.6678177188941002,0.10744787986677669,0.00756639864311666,0.09268204202956669,-0.4518262215662166,0.07907131497249667,0.43255813953486655,,0.008186656003400017,0.00036129010902000006,0.019125484496103323,0.0012023777237060336,0.003067592021714998,1.0007034129958999e-05,0.009792320878653324,0.0003416040839303899,0.34394323364000456,1.3460604488612333,0.19211579927786682,0.11849601324836997,0.09216041129643326,0.011817543535060038,0.06353939046862567,0.0022608663468633022,0.09466903462691667,0.004154530479386645,0.03178294573643342
,,563,1(classical),0.14744303216226667,0.0005350114373227666,0.11891048934110333,0.0022954071193468004,0.007025680997504667,9.444765993597668e-06,0.07538190809934,0.0005765481796152001,-25.61241773221333,1.780808913922733,1.9201653898120001,0.21416212678659335,-0.37061232814568323,0.13565889700220668,-0.05051827499458334,0.13280157995014,-0.16525457247278336,0.10049260132615669,0.3782945736432666,,0.004723351905866674,0.0002660540374122334,0.0015655281007299904,0.00048088925108756694,0.0011032238400589985,7.639817950391664e-06,0.0015761768230733164,4.056907676668682e-05,0.8995301704600074,0.20162480409486627,0.1627847311831332,0.024979510297886615,0.3893658020448503,0.04002856067049003,0.00545471683092566,0.03785867157371001,0.19190261446651657,0.01726675587427337,0.022480620155166553
,,598,1(classical),0.1390725169622,0.0004973661210568333,0.10848171027130003,0.0014301757372367206,0.007482294314979335,1.5265907900261e-05,0.07217342496092001,0.0003781949446766267,-27.27388968366332,1.4363286157528001,1.9022784022276666,0.19507213055738665,-0.6452203346785,0.11140500758885334,-0.038013709276665,0.12457035398060666,-0.28009294418786335,0.10064949314649999,0.3744186046511,,0.0036471632942000065,0.00030369935367816666,0.011994307170533292,0.0003843421310225129,0.0006466105225843306,1.818676043728331e-06,0.004784659961493312,0.00015778415817188656,0.7619417809899822,0.1428554940750666,0.18067171876746668,0.04406950652709332,0.11475779551203347,0.01577467125713669,0.017959282548843998,0.02962744560417667,0.07706424275143658,0.01742364769461667,0.02635658914733313
,,564,1(classical),0.12041029507048,0.0006385047437837335,0.09403766957366,0.0007795620978968567,0.005934000129613,9.844489273416334e-06,0.06084133557850001,0.00021390736779842333,-25.289326543973335,0.47573033592226005,2.6190286851896993,0.1875952678013433,-0.7135571874740033,0.11052917042831333,-0.032529709408736666,0.11143485331231334,-0.37307172958600343,0.08433505479575668,0.43565891472866675,,0.022309385185920003,0.0001625607309512665,0.026438347868173326,0.001034955770362377,0.0021949047079506652,7.240094670572998e-06,0.016116749343913314,0.0003220717350500899,1.2226213587000032,1.1034537739056067,0.536078564194566,0.05154636928313666,0.04642094271653019,0.014898834096596675,0.023443282416772335,0.01649194493588335,0.0159145426467035,0.0011092093438733602,0.03488372093023362

588,1(classical),,,0.1370270451086,0.0005170547127814,0.10971111918602668,0.0012308585959686334,0.007432407465816,1.3046109090719333e-05,0.07169253174349333,0.0003933199256366334,-25.635447324076658,0.6979674288254665,1.9654366935358,0.22494522659491997,-0.5143144682788,0.11354588892908998,-0.005645607087029999,0.10055380936930666,-0.30228937803425737,0.09229924066787,0.4279069767440999
,,501,1(classical),0.13230004638183337,0.0006169891474314665,0.08924418604649333,0.0005276669161330335,0.0073148552791396666,6.759752627697497e-05,0.06242661448141333,0.0002374895960955534,-24.390285652763335,0.8675260455040333,2.199909915192667,0.18192366479128666,-0.9981682607669,0.13063927244782667,0.007119168218056662,0.13091285245017997,-0.35428173153475,0.10766269682601332,0.40775193798446663,,0.004726998726766629,9.993443465006657e-05,0.02046693313953335,0.0007031916798356,0.00011755218667633318,5.455141718625564e-05,0.009265917262079995,0.00015583032954108003,1.2451616713133227,0.16955861667856686,0.2344732216568668,0.04302156180363331,0.4838537924881,0.017093383518736682,0.01276477530508666,0.03035904308087331,0.05199235350049264,0.015363456158143315,0.02015503875963326
,,514,1(classical),0.120627020245,0.0005164221498338334,0.08814801356588335,0.0005173436452492666,0.006811819988034666,1.2892885227705337e-05,0.05811981371076666,0.00014893062191825667,-26.483846611543342,0.89158120979057,2.3824240437193334,0.1582939385997267,-0.8677227277737001,0.09217833251935663,-0.005442382645907997,0.09553969224843666,-0.5284851426098,0.07558446468953665,0.4217054263564999,,0.01640002486360001,6.32562947566577e-07,0.021563105620143325,0.0007135149507193668,0.0006205874777813342,1.5322386301399587e-07,0.013572718032726666,0.00024438930371837675,0.8483992874666839,0.1936137809651035,0.4169873501835333,0.06665128799519326,0.35340825949490007,0.021367556409733354,0.0002032244411220019,0.005014117120870007,0.22619576457554258,0.016714775978333346,0.006201550387600008
,,526,1(classical),0.14616918326823333,0.0005459521791318333,0.11329336240306667,0.0010897586726922334,0.007053443585304999,2.0002799314863666e-05,0.07279236638908002,0.0004185214153015499,-27.121379712803332,0.8898683161393667,1.7816254259333668,0.24068622177458662,-0.7746957452408333,0.12817241575196667,-0.15358933347228332,0.10136910290978336,-0.44628319052891,0.10547073555453332,0.40542635658903325,,0.009142138159633328,2.8897466350433373e-05,0.003582243217039996,0.0001410999232764,0.00037896388051100044,6.9566902241443335e-06,0.0010998346455866892,2.5201489664916502e-05,1.485932388726674,0.1919008873139002,0.18381126760243327,0.01574099517966665,0.2603812769620333,0.014626526822876684,0.14794372638525333,0.0008152935404766998,0.14399381249465265,0.013171494886663318,0.022480620155066633
,,591,1(classical),0.13875110921336667,0.0005323222392151667,0.1123455668604767,0.0011712835740665336,0.008610780058754668,1.877444789156133e-05,0.07062455437733002,0.00037667786233246657,-25.797781169250005,0.7932721402636,1.9009112887989663,0.18777236733181338,-0.7164781162467332,0.09005298953601999,-0.00942887282827167,0.1025985321010767,-0.5430588657124436,0.09777839471511665,0.3806201550387332,,0.001724064104766665,1.526752643376671e-05,0.0026344476744500217,5.957502190209979e-05,0.0011783725929386682,5.728338800841997e-06,0.0010679773661633057,1.6642063304166848e-05,0.1623338451733467,0.09530471143813357,0.06452540473683377,0.037172859263106595,0.20216364796793318,0.02349289939306999,0.0037832657412416705,0.0020447227317700323,0.24076948767818618,0.005479154047246651,0.04728682170536669
,,516,1(classical),0.13453302425299998,0.00043977536571499995,0.10135053294573,0.0006121401445532,0.005061312815848667,7.077549814030333e-06,0.06716576404376,0.00019437501891812336,-26.168004669033333,0.2331236609666333,2.275065920273,0.12064562383611,-0.6678177188941002,0.10744787986677669,0.00756639864311666,0.09268204202956669,-0.4518262215662166,0.07907131497249667,0.43255813953486655,,0.002494020855600021,7.727934706640001e-05,0.008360586240296675,0.0006187184514154334,0.0023710946499673324,5.9685592766889995e-06,0.004526767699733328,0.00019894490671851006,0.5325573449566754,0.4648437678588332,0.30962922673720006,0.10429960275880998,0.15350325061530024,0.006098009062313295,0.013212005730146659,0.007871767339739974,0.14953684353195923,0.01322792569537333,0.004651162790766661
,,563,1(classical),0.14744303216226667,0.0005350114373227666,0.11891048934110333,0.0022954071193468004,0.007025680997504667,9.444765993597668e-06,0.07538190809934,0.0005765481796152001,-25.61241773221333,1.780808913922733,1.9201653898120001,0.21416212678659335,-0.37061232814568323,0.13565889700220668,-0.05051827499458334,0.13280157995014,-0.16525457247278336,0.10049260132615669,0.3782945736432666,,0.01041598705366667,1.7956724541366644e-05,0.009199370155076658,0.001064548523378167,0.0004067264683113329,3.601343097121665e-06,0.0036893763558466797,0.00018322825397856665,0.023029591863327425,1.0828414850972665,0.04527130372379995,0.010783099808326618,0.14370214013311677,0.022113008073116697,0.04487266790755334,0.032247770580833335,0.13703480556147402,0.008193360658286686,0.04961240310083331
,,598,1(classical),0.1390725169622,0.0004973661210568333,0.10848171027130003,0.0014301757372367206,0.007482294314979335,1.5265907900261e-05,0.07217342496092001,0.0003781949446766267,-27.27388968366332,1.4363286157528001,1.9022784022276666,0.19507213055738665,-0.6452203346785,0.11140500758885334,-0.038013709276665,0.12457035398060666,-0.28009294418786335,0.10064949314649999,0.3744186046511,,0.0020454718535999894,1.9688591724566608e-05,0.001229408914726643,0.00019931714126808714,4.988684916333499e-05,2.219798809541668e-06,0.0004808932174266839,1.5124980960006733e-05,1.6384423595866622,0.7383611869273337,0.06315829130813344,0.029873096037533325,0.13090586639970003,0.0021408813402366417,0.032368102189635005,0.024016544611299998,0.022196433846394026,0.008350252478629985,0.05348837209299989
,,564,1(classical),0.12041029507048,0.0006385047437837335,0.09403766957366,0.0007795620978968567,0.005934000129613,9.844489273416334e-06,0.06084133557850001,0.00021390736779842333,-25.289326543973335,0.47573033592226005,2.6190286851896993,0.1875952678013433,-0.7135571874740033,0.11052917042831333,-0.032529709408736666,0.11143485331231334,-0.37307172958600343,0.08433505479575668,0.43565891472866675,,0.016616750038120007,0.00012145003100233356,0.015673449612366677,0.00045129649807177676,0.0014984073362029997,3.201619817302999e-06,0.010851196164993318,0.00017941255783821008,0.34612078010332326,0.22223709290320642,0.6535919916538993,0.037349958793576665,0.1992427191952033,0.003016718500776658,0.026884102321706668,0.01088104394300668,0.07078235155174606,0.007964185872113325,0.007751937984566859

595,1(classical),,,0.13105414176926666,0.0006318637523400336,0.09199672965119333,0.00144199490310777,0.008296536099819667,4.8441935060329336e-05,0.06118873162517,0.00037423882141802994,-26.193987626200006,1.0314874308253998,2.126029307674067,0.24675950066561675,-0.5426062137658667,0.14184532832062338,-0.1617252591892733,0.14147140205543002,-0.20422311952161004,0.11030977902565,0.41162790697659996
,,561,1(classical),0.1546997183243,0.0005326781073964,0.12543907461244333,0.0016906144104500093,0.007680989034794332,2.467611591017933e-05,0.08643335002049998,0.0005298925469437334,-26.570782163460002,1.1713966803344333,1.5539279999409332,0.3802447811398266,-0.7149913982535666,0.17291185016353333,-0.019834226129086675,0.14875801729396335,-0.20353075950019667,0.12568922008656,0.38682170542626665,,0.023645576555033326,9.918564494363355e-05,0.033442344961249995,0.00024861950734223924,0.0006155470650253342,2.3765819150150004e-05,0.02524461839532998,0.00015565372552570343,0.3767945372599968,0.1399092495090335,0.5721013077331338,0.13348528047420988,0.1723851844876999,0.03106652184290995,0.14189103306018663,0.007286615238533328,0.000692360021413374,0.015379441060909993,0.024806201550333307
,,526,1(classical),0.14616918326823333,0.0005459521791318333,0.11329336240306667,0.0010897586726922334,0.007053443585304999,2.0002799314863666e-05,0.07279236638908002,0.0004185214153015499,-27.121379712803332,0.8898683161393667,1.7816254259333668,0.24068622177458662,-0.7746957452408333,0.12817241575196667,-0.15358933347228332,0.10136910290978336,-0.44628319052891,0.10547073555453332,0.40542635658903325,,0.01511504149896667,8.591157320820024e-05,0.021296632751873337,0.0003522362304155366,0.0012430925145146673,2.843913574546567e-05,0.011603634763910013,4.428259388351998e-05,0.9273920866033265,0.14161911468603317,0.34440388174070025,0.006073278891030126,0.23208953147496658,0.013672912568656714,0.008135925716989983,0.040102299145646655,0.24206007100729998,0.0048390434711166885,0.006201550387566701
,,563,1(classical),0.14744303216226667,0.0005350114373227666,0.11891048934110333,0.0022954071193468004,0.007025680997504667,9.444765993597668e-06,0.07538190809934,0.0005765481796152001,-25.61241773221333,1.780808913922733,1.9201653898120001,0.21416212678659335,-0.37061232814568323,0.13565889700220668,-0.05051827499458334,0.13280157995014,-0.16525457247278336,0.10049260132615669,0.3782945736432666,,0.01638889039300001,9.685231501726697e-05,0.02691375968991,0.0008534122162390304,0.0012708551023149998,3.899716906673167e-05,0.014193176474170004,0.00020230935819717013,0.5815698939866749,0.7493214830973332,0.20586391786206693,0.032597373879023395,0.17199388562018347,0.006186431318416702,0.11120698419468997,0.00866982210529002,0.038968547048826685,0.00981717769949332,0.03333333333333338
,,598,1(classical),0.1390725169622,0.0004973661210568333,0.10848171027130003,0.0014301757372367206,0.007482294314979335,1.5265907900261e-05,0.07217342496092001,0.0003781949446766267,-27.27388968366332,1.4363286157528001,1.9022784022276666,0.19507213055738665,-0.6452203346785,0.11140500758885334,-0.038013709276665,0.12457035398060666,-0.28009294418786335,0.10064949314649999,0.3744186046511,,0.00801837519293333,0.00013449763128320022,0.0164849806201067,1.181916587104947e-05,0.0008142417848403319,3.317602716006834e-05,0.010984693335750008,3.956123258596744e-06,1.0799020574633147,0.4048411849274003,0.22375090544640042,0.0516873701082301,0.10261412091263333,0.03044032073177004,0.1237115499126083,0.016901048074823358,0.0758698246662533,0.009660285879150021,0.03720930232549996

883,2(country),,,0.15641275776019997,0.0015474413972462664,0.1265927810077667,0.005541825487911402,0.007072470985808333,2.3413830729149334e-05,0.07400294300577667,0.0011803207174077334,-25.668870870326664,1.09177048334638,2.137432787925333,0.22479658672058334,0.023289717903273333,0.27556356107205005,0.24854675038917995,0.12742543937437,-0.10525687493663989,0.12156873624888667,0.40077519379834986
,,816,2(country),0.1457628893857867,0.0009031118726067335,0.08708817829460336,0.002844059478061166,0.006912695017982666,3.0391173625723666e-05,0.06019053687101331,0.00055162837266455,-24.583710616993333,0.6646585776598669,2.345500873648,0.1873183692719867,-0.10140496610071094,0.17891266164778,0.19572796916271004,0.1142787893865933,-0.029527202944815967,0.10156169599738998,0.44728682170539996,,0.010649868374413285,0.0006443295246395329,0.039504602713163334,0.0026977660098502355,0.00015977596782566772,6.977342896574332e-06,0.01381240613476336,0.0006286923447431834,1.0851602533333313,0.427111905686513,0.2080680857226671,0.03747821744859664,0.12469468400398427,0.09665089942427005,0.05281878122646991,0.013146649987776704,0.07572967199182393,0.02000704025149669,0.0465116279070501
,,868,2(country),0.16479867341826668,0.0013557156780728663,0.11259084302327332,0.006607034207677467,0.007047905206868668,2.230586181486466e-05,0.07550782020359666,0.0009953105441010666,-25.222561549206663,0.7738072028131333,2.3549331759443333,0.20125910266309335,0.137598676434234,0.13268575089539,0.3158761132576,0.11677656721103667,0.06897794872899135,0.09506262953235664,0.4255813953487999,,0.008385915658066706,0.0001917257191734001,0.014001937984493368,0.001065208719766065,2.4565778939665203e-05,1.1079689142846724e-06,0.0015048771978199843,0.00018501017330666675,0.4463093211200011,0.31796328053324663,0.2175003880190003,0.023537484057489982,0.11430895853096068,0.14287781017666004,0.06732936286842006,0.010648872163333337,0.17423482366563126,0.02650610671653003,0.024806201550450047
,,856,2(country),0.13283018298046664,0.0015780537233221,0.09064014050386333,0.0048076722478749,0.008429549778167001,3.456273695294665e-05,0.05493863681186333,0.0009782676352483334,-24.90486255340333,1.0034730173589665,2.654111939126,0.28188947622716665,-0.14460408366238903,0.2257325901867967,0.2942531970140233,0.12874068327367,-0.11630262072113999,0.1507443745261866,0.4356589147286665,,0.02358257477973333,3.061232607583361e-05,0.03595264050390336,0.0007341532400365015,0.0013570787923586677,1.1148906223797317e-05,0.01906430619391334,0.00020205308215939994,0.7640083169233343,0.08829746598741339,0.516679151200667,0.05709288950658331,0.16789380156566236,0.049830970885253345,0.045706446624843355,0.0013152438992999893,0.0110457457845001,0.029175638277299937,0.034883720930316664
,,805,2(country),0.13901601566343336,0.0025017439304898,0.08573158914731333,0.007461919762197663,0.008852836056881334,4.0406090968881e-05,0.05259333424354666,0.0013872104574667767,-25.91017595801667,1.7417319641442335,2.526376215763333,0.27088520908760666,0.03619670902632739,0.2819640579545866,0.35403909163839326,0.12419296547803668,0.00217980690196332,0.14539912655088,0.4007751937983666,,0.017396742096766615,0.0009543025332435337,0.040861191860453366,0.001920094274286261,0.0017803650710730007,1.6992260239731666e-05,0.021409608762230012,0.00020688974005904338,0.24130508769000514,0.6499614807978535,0.38894342783799996,0.046088622367023324,0.01290699112305406,0.006400496882536577,0.1054923412492133,0.0032324738963333266,0.1074366818386032,0.023830390301993326,1.6764367671839864e-14

534,1(classical),,,0.13618894603633336,0.0007608532978641001,0.09378633720928334,0.0010816162505496232,0.006569309216154668,7.107709305851365e-05,0.06004642060711331,0.00032944547049554865,-26.67703660085666,0.7633160834041336,2.520101810046667,0.2866064497832567,-0.7792985017304233,0.12336749918259998,-0.05758821144667996,0.10366357610262332,-0.6464651562176399,0.07413553553534331,0.4162790697673998
,,514,1(classical),0.120627020245,0.0005164221498338334,0.08814801356588335,0.0005173436452492666,0.006811819988034666,1.2892885227705337e-05,0.05811981371076666,0.00014893062191825667,-26.483846611543342,0.89158120979057,2.3824240437193334,0.1582939385997267,-0.8677227277737001,0.09217833251935663,-0.005442382645907997,0.09553969224843666,-0.5284851426098,0.07558446468953665,0.4217054263564999,,0.015561925791333364,0.0002444311480302667,0.005638323643399987,0.0005642726053003566,0.0002425107718799979,5.818420783080831e-05,0.001926606896346647,0.00018051484857729198,0.19318998931331777,0.1282651263864364,0.13767776632733364,0.12831251118353001,0.08842422604327682,0.031189166663243353,0.05214582880077196,0.008123883854186664,0.11798001360783994,0.0014489291541933402,0.005426356589100068
,,591,1(classical),0.13875110921336667,0.0005323222392151667,0.1123455668604767,0.0011712835740665336,0.008610780058754668,1.877444789156133e-05,0.07062455437733002,0.00037667786233246657,-25.797781169250005,0.7932721402636,1.9009112887989663,0.18777236733181338,-0.7164781162467332,0.09005298953601999,-0.00942887282827167,0.1025985321010767,-0.5430588657124436,0.09777839471511665,0.3806201550387332,,0.002562163177033311,0.0002285310586489334,0.01855922965119336,8.96673235169104e-05,0.0020414708426000003,5.230264516695232e-05,0.010578133770216713,4.723239183691792e-05,0.879255431606655,0.02995605685946645,0.6191905212477007,0.09883408245144334,0.06282038548369007,0.03331450964657999,0.048159338618408286,0.001065044001546625,0.10340629050519634,0.023642859179773337,0.03565891472866661
,,516,1(classical),0.13453302425299998,0.00043977536571499995,0.10135053294573,0.0006121401445532,0.005061312815848667,7.077549814030333e-06,0.06716576404376,0.00019437501891812336,-26.168004669033333,0.2331236609666333,2.275065920273,0.12064562383611,-0.6678177188941002,0.10744787986677669,0.00756639864311666,0.09268204202956669,-0.4518262215662166,0.07907131497249667,0.43255813953486655,,0.001655921783333375,0.0003210779321491001,0.007564195736446663,0.00046947610599642326,0.0015079964003060003,6.399954324448331e-05,0.007119343436646691,0.0001350704515774253,0.5090319318233263,0.5301924224375003,0.24503588977366686,0.16596082594714673,0.11148078283632301,0.015919619315823294,0.06515461008979662,0.010981534073056631,0.1946389346514233,0.004935779437153356,0.016279069767466736
,,564,1(classical),0.12041029507048,0.0006385047437837335,0.09403766957366,0.0007795620978968567,0.005934000129613,9.844489273416334e-06,0.06084133557850001,0.00021390736779842333,-25.289326543973335,0.47573033592226005,2.6190286851896993,0.1875952678013433,-0.7135571874740033,0.11052917042831333,-0.032529709408736666,0.11143485331231334,-0.37307172958600343,0.08433505479575668,0.43565891472866675,,0.01577865096585336,0.00012234855408036654,0.00025133236437666073,0.00030205415265276657,0.0006353090865416676,6.123260378509732e-05,0.000794914971386701,0.00011553810269712532,1.387710056883325,0.28758574748187354,0.09892687514303233,0.09901118198191342,0.06574131425641994,0.012838328754286657,0.02505850203794329,0.007771277209690022,0.27339342663163646,0.010199519260413362,0.019379844961266934

550,1(classical),,,0.1436220648756667,0.0005640845466734001,0.11908611918609999,0.0015075524046290665,0.008352785386875668,2.3932983520197e-05,0.07970539601632667,0.0004340399235828002,-26.635673820713336,0.8402745608879001,1.8314170957343332,0.20672673735390665,-0.8328648164196667,0.11650210151066998,-0.15126461736965,0.14565416094422665,-0.36122994221368326,0.10947218662438332,0.39612403100766663
,,561,1(classical),0.1546997183243,0.0005326781073964,0.12543907461244333,0.0016906144104500093,0.007680989034794332,2.467611591017933e-05,0.08643335002049998,0.0005298925469437334,-26.570782163460002,1.1713966803344333,1.5539279999409332,0.3802447811398266,-0.7149913982535666,0.17291185016353333,-0.019834226129086675,0.14875801729396335,-0.20353075950019667,0.12568922008656,0.38682170542626665,,0.01107765344863329,3.1406439277000073e-05,0.006352955426343343,0.0001830620058209428,0.000671796352081336,7.431323899823314e-07,0.006727954004173309,9.585262336093319e-05,0.06489165725333379,0.33112211944653325,0.2774890957934,0.17351804378591998,0.11787341816610009,0.056409748652863356,0.13143039124056333,0.0031038563497367,0.1576991827134866,0.016217033462176678,0.009302325581399984
,,526,1(classical),0.14616918326823333,0.0005459521791318333,0.11329336240306667,0.0010897586726922334,0.007053443585304999,2.0002799314863666e-05,0.07279236638908002,0.0004185214153015499,-27.121379712803332,0.8898683161393667,1.7816254259333668,0.24068622177458662,-0.7746957452408333,0.12817241575196667,-0.15358933347228332,0.10136910290978336,-0.44628319052891,0.10547073555453332,0.40542635658903325,,0.002547118392566633,1.8132367541566757e-05,0.005792756783033315,0.00041779373193683304,0.001299341801570669,3.930184205333334e-06,0.0069130296272466585,1.551850828125027e-05,0.4857058920899959,0.04959375525146659,0.04979166980096639,0.033959484420679975,0.05816907117883341,0.011670314241296692,0.002324716102633323,0.044285058034443284,0.08505324831522676,0.004001451069850004,0.009302325581366622
,,591,1(classical),0.13875110921336667,0.0005323222392151667,0.1123455668604767,0.0011712835740665336,0.008610780058754668,1.877444789156133e-05,0.07062455437733002,0.00037667786233246657,-25.797781169250005,0.7932721402636,1.9009112887989663,0.18777236733181338,-0.7164781162467332,0.09005298953601999,-0.00942887282827167,0.1025985321010767,-0.5430588657124436,0.09777839471511665,0.3806201550387332,,0.0048709556623000305,3.176230745823342e-05,0.006740552325623289,0.00033626883056253284,0.0002579946718789996,5.15853562863567e-06,0.009080841638996653,5.736206125033362e-05,0.8378926514633314,0.047002420624300045,0.06949419306463311,0.01895437002209327,0.11638670017293351,0.026449111974649983,0.14183574454137832,0.04305562884314995,0.1818289234987603,0.011693791909266671,0.015503875968933434
,,574,1(classical),0.14492023578503332,0.0005567903194273333,0.11803234011624335,0.0008198648868473288,0.007747774001252666,1.878109734949333e-05,0.08139534883720666,0.00027121599218092325,-27.253692208243333,1.2515485715863002,1.6262151141249668,0.2465508518304567,-1.2085637917342333,0.15059019419964997,0.020626044870803325,0.11601087360389002,-0.31582680202568164,0.10449485556008001,0.3930232558139332,,0.001298170909366625,7.294227246066828e-06,0.001053779069856639,0.0006876875177817377,0.0006050113856230022,5.15188617070367e-06,0.0016899528208799836,0.00016282393140187694,0.6180183875299967,0.4112740106984001,0.20520198160936642,0.03982411447655004,0.37569897531456664,0.03408809268898,0.17189066224045332,0.029643287340336624,0.04540314018800162,0.004977331064303314,0.0031007751937334183
,,553,1(classical),0.15753538042376666,0.0005652975307548667,0.15472080910857,0.002509046120968167,0.007289564641118999,1.7368318787821665e-05,0.09410640331313999,0.0007725622053072668,-27.772207584763333,1.1573189750579334,1.4147255178345597,0.2977934207726,-0.45389636595308663,0.16163108892762998,-0.07375032408443,0.14895487800819662,-0.41316729091915333,0.11858548540755003,0.35581395348833333,,0.013913315548099964,1.2129840814665985e-06,0.035634689922470014,0.0010014937163391005,0.0010632207457566692,6.564664732375335e-06,0.014401007296813317,0.0003385222817244666,1.1365337640499966,0.31704441417003326,0.4166915778997735,0.09106668341869337,0.37896845046658006,0.045128987416960004,0.07751429328522,0.0033007170639699768,0.051937348705470066,0.009113298783166704,0.0403100775193333
,,563,1(classical),0.14744303216226667,0.0005350114373227666,0.11891048934110333,0.0022954071193468004,0.007025680997504667,9.444765993597668e-06,0.07538190809934,0.0005765481796152001,-25.61241773221333,1.780808913922733,1.9201653898120001,0.21416212678659335,-0.37061232814568323,0.13565889700220668,-0.05051827499458334,0.13280157995014,-0.16525457247278336,0.10049260132615669,0.3782945736432666,,0.0038209672865999744,2.9073109350633486e-05,0.00017562984499665257,0.0007878547147177339,0.0013271043893710015,1.4488217526599332e-05,0.004323487916986668,0.00014250825603239988,1.0232560885000055,0.9405343530348329,0.08874829407766693,0.0074353894326867065,0.46225248827398346,0.019156795491536704,0.10074634237506666,0.012852580994086649,0.1959753697408999,0.008979585298226636,0.01782945736440006
,,598,1(classical),0.1390725169622,0.0004973661210568333,0.10848171027130003,0.0014301757372367206,0.007482294314979335,1.5265907900261e-05,0.07217342496092001,0.0003781949446766267,-27.27388968366332,1.4363286157528001,1.9022784022276666,0.19507213055738665,-0.6452203346785,0.11140500758885334,-0.038013709276665,0.12457035398060666,-0.28009294418786335,0.10064949314649999,0.3744186046511,,0.004549547913466706,6.671842561656674e-05,0.010604408914799954,7.737666739234591e-05,0.0008704910718963337,8.667075619936e-06,0.007531971055406664,5.5844978906173504e-05,0.6382158629499841,0.5960540548649,0.07086130649333344,0.01165460679652,0.18764448174116666,0.005097093921816634,0.11325090809298499,0.021083806963619986,0.08113699802581992,0.008822693477883337,0.021705426356566637

568,1(classical),,,0.15783269787746665,0.0005390512273626333,0.14738674903103002,0.001896256233133833,0.007127787733433668,1.0191623704936332e-05,0.09243920569178334,0.0005956226560049332,-27.22832007125334,0.6383487130841998,1.5013969990504767,0.21879292694602,-0.6067491056773001,0.14104839785579332,-0.013320643649476665,0.14921417509303003,-0.18559371830151997,0.11092385630164332,0.4317829457364331
,,561,1(classical),0.1546997183243,0.0005326781073964,0.12543907461244333,0.0016906144104500093,0.007680989034794332,2.467611591017933e-05,0.08643335002049998,0.0005298925469437334,-26.570782163460002,1.1713966803344333,1.5539279999409332,0.3802447811398266,-0.7149913982535666,0.17291185016353333,-0.019834226129086675,0.14875801729396335,-0.20353075950019667,0.12568922008656,0.38682170542626665,,0.0031329795531666593,6.373119966233292e-06,0.021947674418586693,0.00020564182268382374,0.0005532013013606644,1.4484492205243e-05,0.006005855671283353,6.57301090611998e-05,0.657537907793337,0.5330479672502335,0.05253100089045648,0.16145185419380662,0.1082422925762665,0.031863452307740014,0.00651358247961001,0.0004561577990666865,0.0179370411986767,0.014765363784916677,0.04496124031016646
,,526,1(classical),0.14616918326823333,0.0005459521791318333,0.11329336240306667,0.0010897586726922334,0.007053443585304999,2.0002799314863666e-05,0.07279236638908002,0.0004185214153015499,-27.121379712803332,0.8898683161393667,1.7816254259333668,0.24068622177458662,-0.7746957452408333,0.12817241575196667,-0.15358933347228332,0.10136910290978336,-0.44628319052891,0.10547073555453332,0.40542635658903325,,0.011663514609233316,6.900951769200025e-06,0.03409338662796335,0.0008064975604415996,7.434414812866868e-05,9.811175609927334e-06,0.01964683930270332,0.00017710124070338326,0.10694035845000727,0.25151960305516685,0.28022842688289007,0.021893294828566612,0.16794663956353317,0.01287598210382665,0.14026868982280666,0.04784507218324667,0.26068947222739003,0.005453120747110005,0.026356589147399856
,,574,1(classical),0.14492023578503332,0.0005567903194273333,0.11803234011624335,0.0008198648868473288,0.007747774001252666,1.878109734949333e-05,0.08139534883720666,0.00027121599218092325,-27.253692208243333,1.2515485715863002,1.6262151141249668,0.2465508518304567,-1.2085637917342333,0.15059019419964997,0.020626044870803325,0.11601087360389002,-0.31582680202568164,0.10449485556008001,0.3930232558139332,,0.012912462092433324,1.7739092064699953e-05,0.029354408914786675,0.0010763913462865041,0.0006199862678189982,8.589473644556998e-06,0.011043856854576678,0.00032440666382400993,0.02537213698999352,0.6131998585021003,0.12481811507449003,0.02775792488443668,0.6018146860569332,0.009541796343856657,0.03394668852027999,0.03320330148914001,0.13023308372416167,0.006429000741563315,0.038759689922499896
,,553,1(classical),0.15753538042376666,0.0005652975307548667,0.15472080910857,0.002509046120968167,0.007289564641118999,1.7368318787821665e-05,0.09410640331313999,0.0007725622053072668,-27.772207584763333,1.1573189750579334,1.4147255178345597,0.2977934207726,-0.45389636595308663,0.16163108892762998,-0.07375032408443,0.14895487800819662,-0.41316729091915333,0.11858548540755003,0.35581395348833333,,0.00029731745369998563,2.624630339223338e-05,0.007334060077539978,0.0006127898878343339,0.00016177690768533117,7.176695082885333e-06,0.0016671976213566558,0.00017693954930233363,0.5438875135099934,0.5189702619737335,0.08667148121591706,0.07900049382658,0.15285273972421348,0.020582691071836662,0.06042968043495333,0.00025929708483340974,0.22757357261763336,0.007661629105906703,0.07596899224809978
,,598,1(classical),0.1390725169622,0.0004973661210568333,0.10848171027130003,0.0014301757372367206,0.007482294314979335,1.5265907900261e-05,0.07217342496092001,0.0003781949446766267,-27.27388968366332,1.4363286157528001,1.9022784022276666,0.19507213055738665,-0.6452203346785,0.11140500758885334,-0.038013709276665,0.12457035398060666,-0.28009294418786335,0.10064949314649999,0.3744186046511,,0.018760180915266655,4.1685106305799956e-05,0.03890503875972999,0.00046608049589711245,0.00035450658154566675,5.074284195324669e-06,0.020265780730863325,0.0002174277113283065,0.04556961240998092,0.7979799026686003,0.4008814031771899,0.023720796388633364,0.038471229001199925,0.029643390266939976,0.024693065627188336,0.024643821112423372,0.09449922588634338,0.010274363155143337,0.057364341085333115

559,1(classical),,,0.14452691479469995,0.00044222761269696684,0.11385961724805667,0.00174945386353956,0.005959489502548999,1.1919068903235665e-05,0.07299868019842332,0.00041626533007192,-26.388688575790002,0.8610047566513332,2.0347919613686667,0.14681878384370667,-0.34177805062612665,0.11325683676356668,-0.07706050092239357,0.1173277703628833,-0.23561841419836935,0.08631304069332665,0.4046511627907332
,,526,1(classical),0.14616918326823333,0.0005459521791318333,0.11329336240306667,0.0010897586726922334,0.007053443585304999,2.0002799314863666e-05,0.07279236638908002,0.0004185214153015499,-27.121379712803332,0.8898683161393667,1.7816254259333668,0.24068622177458662,-0.7746957452408333,0.12817241575196667,-0.15358933347228332,0.10136910290978336,-0.44628319052891,0.10547073555453332,0.40542635658903325,,0.0016422684735333815,0.00010372456643486648,0.0005662548449899968,0.0006596951908473265,0.0010939540827560002,8.083730411628001e-06,0.00020631380934330035,2.2560852296298994e-06,0.7326911370133296,0.02886355948803343,0.2531665354352999,0.09386743793087995,0.43291769461470664,0.014915578988399986,0.07652883254988975,0.015958667453099942,0.21066477633054068,0.019157694861206664,0.0007751937983000445
,,516,1(classical),0.13453302425299998,0.00043977536571499995,0.10135053294573,0.0006121401445532,0.005061312815848667,7.077549814030333e-06,0.06716576404376,0.00019437501891812336,-26.168004669033333,0.2331236609666333,2.275065920273,0.12064562383611,-0.6678177188941002,0.10744787986677669,0.00756639864311666,0.09268204202956669,-0.4518262215662166,0.07907131497249667,0.43255813953486655,,0.009993890541699968,2.4522469819668975e-06,0.012509084302326667,0.00113731371898636,0.0008981766867003317,4.841519089205332e-06,0.005832916154663317,0.00022189031115379666,0.22068390675666905,0.6278810956847,0.24027395890433345,0.026173160007596674,0.3260396682679736,0.0058089568967899935,0.08462689956551023,0.024645728333316616,0.21620780736784725,0.0072417257208299834,0.02790697674413334
,,563,1(classical),0.14744303216226667,0.0005350114373227666,0.11891048934110333,0.0022954071193468004,0.007025680997504667,9.444765993597668e-06,0.07538190809934,0.0005765481796152001,-25.61241773221333,1.780808913922733,1.9201653898120001,0.21416212678659335,-0.37061232814568323,0.13565889700220668,-0.05051827499458334,0.13280157995014,-0.16525457247278336,0.10049260132615669,0.3782945736432666,,0.002916117367566723,9.278382462579976e-05,0.0050508720930466655,0.0005459532558072405,0.0010661914949556678,2.4743029096379975e-06,0.00238322790091669,0.00016028284954328005,0.7762708435766719,0.9198041572713997,0.11462657155666656,0.06734334294288669,0.028834277519556584,0.022402060238639998,0.026542225927810227,0.015473809587256693,0.07036384172558599,0.014179560632830032,0.026356589147466636
,,598,1(classical),0.1390725169622,0.0004973661210568333,0.10848171027130003,0.0014301757372367206,0.007482294314979335,1.5265907900261e-05,0.07217342496092001,0.0003781949446766267,-27.27388968366332,1.4363286157528001,1.9022784022276666,0.19507213055738665,-0.6452203346785,0.11140500758885334,-0.038013709276665,0.12457035398060666,-0.28009294418786335,0.10064949314649999,0.3744186046511,,0.005454397832499958,5.5138508359866504e-05,0.005377906976756636,0.0003192781263028394,0.0015228048124303357,3.3468389970253354e-06,0.0008252552375033056,3.8070385395293335e-05,0.8852011078733177,0.5753238591014669,0.13251355914100005,0.04825334671367998,0.3034422840523734,0.0018518291747133403,0.039046791645728565,0.0072425836177233555,0.044474529989494,0.014336452453173332,0.030232558139633214
,,564,1(classical),0.12041029507048,0.0006385047437837335,0.09403766957366,0.0007795620978968567,0.005934000129613,9.844489273416334e-06,0.06084133557850001,0.00021390736779842333,-25.289326543973335,0.47573033592226005,2.6190286851896993,0.1875952678013433,-0.7135571874740033,0.11052917042831333,-0.032529709408736666,0.11143485331231334,-0.37307172958600343,0.08433505479575668,0.43565891472866675,,0.024116619724219954,0.00019627713108676668,0.01982194767439667,0.0009698917656427033,2.548937293599899e-05,2.0745796298193317e-06,0.012157344619923308,0.00020235796227349669,1.0993620318166677,0.3852744207290732,0.5842367238210326,0.04077648395763664,0.37177913684787667,0.0027276663352533564,0.0445307915136569,0.005892917050569962,0.13745331538763408,0.0019779858975699782,0.031007751937933536

530,1(classical),,,0.15609791301056666,0.0005051991983574332,0.1322916666667,0.0017400213076190002,0.007284941271090334,1.7202823923802335e-05,0.08620124698496669,0.0005625943911959333,-26.521829378636667,0.6772543080567,1.7573692289601002,0.21366312227820666,-0.47087790231616666,0.1402612197641967,-0.009615090298820997,0.12142666182068339,-0.1971660205088883,0.11977217038972335,0.3263565891471666
,,561,1(classical),0.1546997183243,0.0005326781073964,0.12543907461244333,0.0016906144104500093,0.007680989034794332,2.467611591017933e-05,0.08643335002049998,0.0005298925469437334,-26.570782163460002,1.1713966803344333,1.5539279999409332,0.3802447811398266,-0.7149913982535666,0.17291185016353333,-0.019834226129086675,0.14875801729396335,-0.20353075950019667,0.12568922008656,0.38682170542626665,,0.0013981946862666739,2.7478909038966765e-05,0.006852592054256673,4.9406897168990894e-05,0.00039604776370399854,7.473291986376996e-06,0.00023210303553329592,3.270184425219994e-05,0.048952784823335094,0.4941423722777334,0.20344122901916695,0.16658165886161996,0.24411349593739995,0.03265063039933663,0.010219135830265678,0.02733135547327996,0.006364738991308377,0.0059170496968366515,0.06046511627910006
,,553,1(classical),0.15753538042376666,0.0005652975307548667,0.15472080910857,0.002509046120968167,0.007289564641118999,1.7368318787821665e-05,0.09410640331313999,0.0007725622053072668,-27.772207584763333,1.1573189750579334,1.4147255178345597,0.2977934207726,-0.45389636595308663,0.16163108892762998,-0.07375032408443,0.14895487800819662,-0.41316729091915333,0.11858548540755003,0.35581395348833333,,0.0014374674131999998,6.009833239743344e-05,0.022429142441869998,0.0007690248133491668,4.623370028665301e-06,1.6549486401932966e-07,0.007905156328173304,0.0002099678141113335,1.2503782061266655,0.4800646670012334,0.3426437111255405,0.08413029849439335,0.01698153636308003,0.02136986916343328,0.064135233785609,0.027528216187513235,0.21600127041026504,0.0011866849821733222,0.029457364341166747
,,563,1(classical),0.14744303216226667,0.0005350114373227666,0.11891048934110333,0.0022954071193468004,0.007025680997504667,9.444765993597668e-06,0.07538190809934,0.0005765481796152001,-25.61241773221333,1.780808913922733,1.9201653898120001,0.21416212678659335,-0.37061232814568323,0.13565889700220668,-0.05051827499458334,0.13280157995014,-0.16525457247278336,0.10049260132615669,0.3782945736432666,,0.00865488084829999,2.9812238965333353e-05,0.013381177325596669,0.0005553858117278002,0.000259260273585667,7.758057930204668e-06,0.010819338885626681,1.3953788419266756e-05,0.9094116464233366,1.103554605866033,0.16279616085189996,0.0004990045083866912,0.10026557417048343,0.004602322761990019,0.040903184695762346,0.01137491812945661,0.031911448036104934,0.019279569063566662,0.05193798449609999
,,598,1(classical),0.1390725169622,0.0004973661210568333,0.10848171027130003,0.0014301757372367206,0.007482294314979335,1.5265907900261e-05,0.07217342496092001,0.0003781949446766267,-27.27388968366332,1.4363286157528001,1.9022784022276666,0.19507213055738665,-0.6452203346785,0.11140500758885334,-0.038013709276665,0.12457035398060666,-0.28009294418786335,0.10064949314649999,0.3744186046511,,0.01702539604836667,7.833077300599899e-06,0.02380995639539997,0.0003098455703822796,0.00019735304388900088,1.9369160235413348e-06,0.014027822024046677,0.00018439944651930663,0.752060305026653,0.7590743076961002,0.14490917326756647,0.018590991720820016,0.17434243236233338,0.028856212175343357,0.028398618977844008,0.0031436921599232726,0.08292692367897506,0.019122677243223363,0.04806201550393341

543,1(classical),,,0.1343700213948667,0.0004923469307045666,0.10917211724811668,0.0008261736135172668,0.007337523925580332,1.1287192234282672e-05,0.07176686539541,0.00026522705866771,-24.460150076586668,0.9505488626342002,2.104556299444334,0.14615101153981663,-0.6981228127625,0.11330328206633666,0.132360059787805,0.10599503609646331,-0.2251280362626374,0.09382624945668333,0.41860465116276646
,,533,1(classical),0.1404545120939667,0.00044229914742456664,0.12093931686044,0.0005772542669814501,0.004820490235911332,5.665748223531001e-06,0.07950059922028334,0.0002773881575382666,-24.815370526243335,0.30742499987555666,1.5543000482497669,0.2025575091189899,-0.9200572317016,0.1376903453194833,0.2062616751466853,0.14431529934454332,-0.3688266476392234,0.10245468308467998,0.44031007751929985,,0.006084490699099998,5.004778328e-05,0.011767199612323323,0.00024891934653581665,0.002517033689669,5.621444010751671e-06,0.007733733824873343,1.2161098870556606e-05,0.35522044965666666,0.6431238627586435,0.550256251194567,0.056406497579173265,0.22193441893910004,0.02438706325314663,0.07390161535888032,0.03832026324808001,0.14369861137658602,0.008628433627996646,0.021705426356533386
,,501,1(classical),0.13230004638183337,0.0006169891474314665,0.08924418604649333,0.0005276669161330335,0.0073148552791396666,6.759752627697497e-05,0.06242661448141333,0.0002374895960955534,-24.390285652763335,0.8675260455040333,2.199909915192667,0.18192366479128666,-0.9981682607669,0.13063927244782667,0.007119168218056662,0.13091285245017997,-0.35428173153475,0.10766269682601332,0.40775193798446663,,0.002069975013033326,0.00012464221672689989,0.019927931201623353,0.0002985066973842333,2.2668646440665748e-05,5.63103340426923e-05,0.009340250913996664,2.7737462572156613e-05,0.0698644238233328,0.0830228171301669,0.09535361574833301,0.03577265325147003,0.30004544800440003,0.017335990381490002,0.12524089156974832,0.024917816353716662,0.12915369527211262,0.013836447369329985,0.010852713178299833
,,563,1(classical),0.14744303216226667,0.0005350114373227666,0.11891048934110333,0.0022954071193468004,0.007025680997504667,9.444765993597668e-06,0.07538190809934,0.0005765481796152001,-25.61241773221333,1.780808913922733,1.9201653898120001,0.21416212678659335,-0.37061232814568323,0.13565889700220668,-0.05051827499458334,0.13280157995014,-0.16525457247278336,0.10049260132615669,0.3782945736432666,,0.013073010767399973,4.266450661819996e-05,0.009738372092986655,0.0014692335058295336,0.00031184292807566547,1.8424262406850038e-06,0.0036150427039300104,0.00031132112094749007,1.1522676556266624,0.8302600512885328,0.18439090963233373,0.06801111524677672,0.32751048461681675,0.022355614935870016,0.18287833478238832,0.026806543853676687,0.05987346378985403,0.006666351869473355,0.04031007751949989
,,564,1(classical),0.12041029507048,0.0006385047437837335,0.09403766957366,0.0007795620978968567,0.005934000129613,9.844489273416334e-06,0.06084133557850001,0.00021390736779842333,-25.289326543973335,0.47573033592226005,2.6190286851896993,0.1875952678013433,-0.7135571874740033,0.11052917042831333,-0.032529709408736666,0.11143485331231334,-0.37307172958600343,0.08433505479575668,0.43565891472866675,,0.013959726324386704,0.00014615781307916688,0.01513444767445668,4.661151562041009e-05,0.0014035237959673322,1.442702960866338e-06,0.010925529816909987,5.1319690869286666e-05,0.8291764673866666,0.4748185267119402,0.5144723857453655,0.041444256261526674,0.01543437471150333,0.0027741116380233383,0.16488976919654166,0.005439817215850032,0.14794369332336604,0.009491194660926655,0.017054263565900285

